zip,place_name,state,lat,lon
01702,Framingham,MA,42.2822,-71.4339
01720,Acton,MA,42.4751,-71.4483
01749,Hudson,MA,42.3918,-71.5609
01760,Natick,MA,42.2875,-71.3574
01775,Stow,MA,42.4308,-71.515
01801,Woburn,MA,42.4829,-71.1574
01821,Billerica,MA,42.5519,-71.2518
01852,Lowell,MA,42.6344,-71.2983
01863,North Chelmsford,MA,42.6347,-71.3908
01867,Reading,MA,42.528,-71.109
01887,Wilmington,MA,42.5581,-71.1723
01904,Lynn,MA,42.4889,-70.9647
01905,Lynn,MA,42.4694,-70.9728
01960,Peabody,MA,42.5326,-70.9612
01970,Salem,MA,42.5151,-70.9003
02108,Boston,MA,42.3576,-71.0684
02110,Boston,MA,42.3576,-71.0514
02115,Boston,MA,42.3427,-71.0922
02118,Boston,MA,42.3362,-71.0729
02120,Roxbury Crossing,MA,42.3307,-71.0912
02121,Dorchester,MA,42.2973,-71.0745
02124,Dorchester Center,MA,42.2918,-71.0717
02125,Dorchester,MA,42.2973,-71.0745
02126,Mattapan,MA,42.2739,-71.0939
02128,Boston,MA,42.3642,-71.0257
02129,Charlestown,MA,42.3778,-71.0627
02132,West Roxbury,MA,42.2787,-71.1589
02136,Hyde Park,MA,42.254,-71.1261
02138,Cambridge,MA,42.377,-71.1256
02140,Cambridge,MA,42.3932,-71.1338
02143,Somerville,MA,42.3829,-71.1028
02149,Everett,MA,42.4112,-71.0514
02150,Chelsea,MA,42.3963,-71.0325
02151,Revere,MA,42.4138,-71.0052
02152,Winthrop,MA,42.3763,-70.98
02180,Stoneham,MA,42.4828,-71.0978
02451,Waltham,MA,42.3986,-71.2451
02453,Waltham,MA,42.3654,-71.2317
02458,Newton,MA,42.3528,-71.1875
02472,Watertown,MA,42.37,-71.1773
02481,Wellesley Hills,MA,42.3106,-71.2747
02492,Needham,MA,42.2798,-71.2501
02494,Needham Heights,MA,42.2945,-71.2328
07001,Avenel,NJ,40.5826,-74.2785
07002,Bayonne,NJ,40.6664,-74.1192
07003,Bloomfield,NJ,40.8035,-74.1891
07006,Caldwell,NJ,40.8545,-74.2789
07008,Carteret,NJ,40.5823,-74.2313
07010,Cliffside Park,NJ,40.8222,-73.988
07011,Clifton,NJ,40.8789,-74.1425
07018,East Orange,NJ,40.7558,-74.2198
07022,Fairview,NJ,40.817,-74.0
07026,Garfield,NJ,40.8789,-74.1081
07029,Harrison,NJ,40.7445,-74.1508
07030,Hoboken,NJ,40.7445,-74.0329
07031,North Arlington,NJ,40.7898,-74.1343
07032,Kearny,NJ,40.7647,-74.1471
07036,Linden,NJ,40.6354,-74.2556
07042,Montclair,NJ,40.8131,-74.2165
07047,North Bergen,NJ,40.7939,-74.0258
07050,Orange,NJ,40.7692,-74.2355
07052,West Orange,NJ,40.7859,-74.2568
07054,Parsippany,NJ,40.8621,-74.4117
07055,Passaic,NJ,40.8601,-74.1283
07060,Plainfield,NJ,40.6152,-74.415
07063,Plainfield,NJ,40.6048,-74.4427
07065,Rahway,NJ,40.6087,-74.2819
07067,Colonia,NJ,40.5937,-74.3164
07071,Lyndhurst,NJ,40.8094,-74.1245
07079,South Orange,NJ,40.7465,-74.2575
07080,South Plainfield,NJ,40.5839,-74.4147
07081,Springfield,NJ,40.7015,-74.3227
07083,Union,NJ,40.6952,-74.2677
07093,West New York,NJ,40.7888,-74.0115
07103,Newark,NJ,40.737,-74.1964
07104,Newark,NJ,40.7664,-74.1695
07105,Newark,NJ,40.7271,-74.1563
07107,Newark,NJ,40.7607,-74.1882
07108,Newark,NJ,40.7236,-74.2015
07110,Nutley,NJ,40.8185,-74.1589
07112,Newark,NJ,40.7107,-74.2131
07201,Elizabeth,NJ,40.6717,-74.2043
07202,Elizabeth,NJ,40.6565,-74.2215
07204,Roselle Park,NJ,40.6651,-74.267
07208,Elizabeth,NJ,40.6747,-74.2239
07302,Jersey City,NJ,40.7221,-74.0469
07303,Jersey City,NJ,40.7328,-74.0755
07304,Jersey City,NJ,40.718,-74.0754
07305,Jersey City,NJ,40.702,-74.089
07306,Jersey City,NJ,40.7321,-74.066
07307,Jersey City,NJ,40.7482,-74.0498
07310,Jersey City,NJ,40.7324,-74.0431
07401,Allendale,NJ,41.0327,-74.1342
07410,Fair Lawn,NJ,40.9343,-74.1166
07417,Franklin Lakes,NJ,41.0081,-74.2113
07430,Mahwah,NJ,41.0817,-74.1861
07450,Ridgewood,NJ,40.982,-74.1131
07458,Saddle River,NJ,41.0443,-74.0981
07470,Wayne,NJ,40.9471,-74.2466
07501,Paterson,NJ,40.9143,-74.1671
07502,Paterson,NJ,40.9199,-74.1932
07503,Paterson,NJ,40.897,-74.1573
07504,Paterson,NJ,40.9122,-74.1452
07505,Paterson,NJ,40.9166,-74.174
07506,Hawthorne,NJ,40.9564,-74.1569
07508,Haledon,NJ,40.9457,-74.1826
07514,Paterson,NJ,40.9248,-74.1467
07522,Paterson,NJ,40.9252,-74.1781
07524,Paterson,NJ,40.9309,-74.1555
07603,Bogota,NJ,40.8744,-74.0281
07605,Leonia,NJ,40.8629,-73.9879
07628,Dumont,NJ,40.9447,-73.9921
07642,Hillsdale,NJ,41.0069,-74.0426
07644,Lodi,NJ,40.8764,-74.0838
07650,Palisades Park,NJ,40.8462,-73.9954
07666,Teaneck,NJ,40.8915,-74.0119
07676,Township Of Washington,NJ,40.9883,-74.0635
07712,Asbury Park,NJ,40.2507,-74.0486
07726,Englishtown,NJ,40.2825,-74.3424
07728,Freehold,NJ,40.2458,-74.2768
07731,Howell,NJ,40.1481,-74.2137
07735,Keyport,NJ,40.4332,-74.1996
07740,Long Branch,NJ,40.2992,-73.9912
07747,Matawan,NJ,40.4109,-74.238
07748,Middletown,NJ,40.3944,-74.1157
07751,Morganville,NJ,40.3529,-74.2779
07757,Oceanport,NJ,40.3157,-74.0164
07760,Rumson,NJ,40.3707,-74.0084
07834,Denville,NJ,40.8897,-74.4844
07842,Hibernia,NJ,40.944,-74.4927
07920,Basking Ridge,NJ,40.6789,-74.5605
07922,Berkeley Heights,NJ,40.6752,-74.4346
07928,Chatham,NJ,40.7305,-74.4017
07936,East Hanover,NJ,40.8192,-74.3636
07950,Morris Plains,NJ,40.8445,-74.4824
07981,Whippany,NJ,40.8219,-74.42
08002,Cherry Hill,NJ,39.9308,-75.0175
08003,Cherry Hill,NJ,39.8805,-74.9706
08012,Blackwood,NJ,39.7901,-75.0367
08021,Clementon,NJ,39.8036,-75.0058
08027,Gibbstown,NJ,39.8231,-75.2751
08028,Glassboro,NJ,39.7068,-75.1172
08049,Magnolia,NJ,39.8538,-75.0393
08052,Maple Shade,NJ,39.9511,-74.9946
08054,Mount Laurel,NJ,39.9478,-74.9036
08055,Medford,NJ,39.8637,-74.8223
08062,Mullica Hill,NJ,39.7252,-75.2065
08075,Riverside,NJ,40.0293,-74.9497
08077,Riverton,NJ,40.002,-74.9952
08080,Sewell,NJ,39.7473,-75.0899
08081,Sicklerville,NJ,39.7354,-74.9864
08084,Stratford,NJ,39.8288,-75.0147
08085,Swedesboro,NJ,39.7529,-75.3362
08094,Williamstown,NJ,39.665,-74.971
08096,Deptford,NJ,39.7539,-74.996
08104,Camden,NJ,39.9186,-75.1078
08105,Camden,NJ,39.9484,-75.0864
08106,Audubon,NJ,39.891,-75.0724
08109,Merchantville,NJ,39.9519,-75.0482
08322,Franklinville,NJ,39.6156,-75.0409
08360,Vineland,NJ,39.4818,-75.0091
08505,Bordentown,NJ,40.1431,-74.7032
08512,Cranbury,NJ,40.3039,-74.5065
08520,Hightstown,NJ,40.2669,-74.525
08527,Jackson,NJ,40.121,-74.3017
08534,Pennington,NJ,40.3339,-74.7944
08540,Princeton,NJ,40.3666,-74.6408
08608,Trenton,NJ,40.2204,-74.7622
08609,Trenton,NJ,40.2248,-74.741
08610,Trenton,NJ,40.2016,-74.705
08618,Trenton,NJ,40.2377,-74.7821
08619,Trenton,NJ,40.2418,-74.6962
08629,Trenton,NJ,40.2196,-74.7334
08701,Lakewood,NJ,40.085,-74.2042
08724,Brick,NJ,40.0874,-74.1152
08753,Toms River,NJ,39.9771,-74.1565
08755,Toms River,NJ,39.9999,-74.2228
08807,Bridgewater,NJ,40.5904,-74.6267
08808,Broadway,NJ,40.732,-75.0516
08817,Edison,NJ,40.5171,-74.3973
08823,Franklin Park,NJ,40.4421,-74.5369
08824,Kendall Park,NJ,40.4208,-74.5529
08830,Iselin,NJ,40.5716,-74.3167
08831,Monroe Township,NJ,40.3192,-74.4285
08835,Manville,NJ,40.5399,-74.5934
08844,Hillsborough,NJ,40.4775,-74.6272
08846,Middlesex,NJ,40.5759,-74.5008
08852,Monmouth Junction,NJ,40.3869,-74.5558
08854,Piscataway,NJ,40.5515,-74.459
08857,Old Bridge,NJ,40.398,-74.3236
08859,Parlin,NJ,40.4587,-74.305
08869,Raritan,NJ,40.5711,-74.6377
08873,Somerset,NJ,40.5007,-74.5013
08876,Somerville,NJ,40.588,-74.6874
08879,South Amboy,NJ,40.464,-74.2742
08888,Whitehouse,NJ,40.6194,-74.7406
08901,New Brunswick,NJ,40.4891,-74.4482
08902,North Brunswick,NJ,40.4538,-74.4823
10044,New York,NY,40.7618,-73.9505
10302,Staten Island,NY,40.6306,-74.1379
10303,Staten Island,NY,40.6301,-74.1607
10304,Staten Island,NY,40.6102,-74.0878
10305,Staten Island,NY,40.5973,-74.0768
10306,Staten Island,NY,40.5682,-74.1184
10310,Staten Island,NY,40.6324,-74.1171
10312,Staten Island,NY,40.5457,-74.1792
10314,Staten Island,NY,40.6039,-74.1472
10901,Suffern,NY,41.1177,-74.1241
10913,Blauvelt,NY,41.0626,-73.9629
10952,Monsey,NY,41.1163,-74.0736
10954,Nanuet,NY,41.0977,-74.0109
10956,New City,NY,41.1472,-73.9962
10977,Spring Valley,NY,41.1158,-74.0474
10980,Stony Point,NY,41.2292,-73.9962
10983,Tappan,NY,41.0278,-73.9491
10984,Thiells,NY,41.2078,-74.0154
11001,Floral Park,NY,40.7236,-73.7058
11003,Elmont,NY,40.6976,-73.7049
11024,Great Neck,NY,40.8171,-73.7416
11040,New Hyde Park,NY,40.7294,-73.6828
11050,Port Washington,NY,40.835,-73.6964
11101,Long Island City,NY,40.7446,-73.9345
11103,Astoria,NY,40.7627,-73.9149
11104,Sunnyside,NY,40.7436,-73.9216
11105,Astoria,NY,40.7763,-73.911
11106,Astoria,NY,40.7608,-73.9295
11203,Brooklyn,NY,40.6505,-73.9349
11204,Brooklyn,NY,40.6179,-73.9856
11205,Brooklyn,NY,40.6924,-73.9666
11206,Brooklyn,NY,40.7012,-73.9436
11207,Brooklyn,NY,40.6705,-73.894
11208,Brooklyn,NY,40.6762,-73.8736
11209,Brooklyn,NY,40.6251,-74.0303
11211,Brooklyn,NY,40.7095,-73.9563
11212,Brooklyn,NY,40.6625,-73.9145
11214,Brooklyn,NY,40.6016,-73.9968
11215,Brooklyn,NY,40.6669,-73.9828
11216,Brooklyn,NY,40.6794,-73.9496
11218,Brooklyn,NY,40.6424,-73.9758
11219,Brooklyn,NY,40.6336,-73.996
11220,Brooklyn,NY,40.6412,-74.0133
11223,Brooklyn,NY,40.5979,-73.9743
11224,Brooklyn,NY,40.5767,-73.9884
11226,Brooklyn,NY,40.6467,-73.957
11228,Brooklyn,NY,40.6174,-74.0121
11229,Brooklyn,NY,40.6011,-73.9475
11232,Brooklyn,NY,40.6521,-74.0018
11233,Brooklyn,NY,40.6784,-73.9211
11234,Brooklyn,NY,40.6205,-73.9239
11235,Brooklyn,NY,40.5839,-73.9536
11237,Brooklyn,NY,40.7006,-73.918
11238,Brooklyn,NY,40.679,-73.9644
11249,Brooklyn,NY,40.6451,-73.945
11354,Flushing,NY,40.7667,-73.8241
11355,Flushing,NY,40.7536,-73.8226
11357,Whitestone,NY,40.7851,-73.8096
11358,Flushing,NY,40.7606,-73.7968
11362,Little Neck,NY,40.7591,-73.7326
11363,Little Neck,NY,40.7722,-73.7454
11364,Oakland Gardens,NY,40.7428,-73.7588
11365,Fresh Meadows,NY,40.7374,-73.7951
11366,Fresh Meadows,NY,40.7272,-73.7949
11367,Flushing,NY,40.728,-73.8195
11368,Corona,NY,40.7453,-73.8611
11369,East Elmhurst,NY,40.7613,-73.8739
11370,East Elmhurst,NY,40.7611,-73.8916
11372,Jackson Heights,NY,40.7513,-73.883
11373,Elmhurst,NY,40.7351,-73.8776
11374,Rego Park,NY,40.7278,-73.8602
11375,Forest Hills,NY,40.7229,-73.8473
11377,Woodside,NY,40.745,-73.9069
11378,Maspeth,NY,40.7239,-73.8997
11379,Middle Village,NY,40.7173,-73.8792
11385,Ridgewood,NY,40.7036,-73.8961
11413,Springfield Gardens,NY,40.6645,-73.7559
11414,Howard Beach,NY,40.6588,-73.8438
11417,Ozone Park,NY,40.6769,-73.8448
11419,South Richmond Hill,NY,40.6868,-73.823
11420,South Ozone Park,NY,40.6744,-73.819
11422,Rosedale,NY,40.6621,-73.7353
11423,Hollis,NY,40.7142,-73.7677
11427,Queens Village,NY,40.7277,-73.7489
11429,Queens Village,NY,40.709,-73.7401
11430,Jamaica,NY,40.6472,-73.7827
11432,Jamaica,NY,40.7119,-73.7944
11433,Jamaica,NY,40.6969,-73.7877
11434,Jamaica,NY,40.6775,-73.7758
11435,Jamaica,NY,40.7029,-73.8111
11436,Jamaica,NY,40.6763,-73.7966
11501,Mineola,NY,40.7469,-73.6398
11520,Freeport,NY,40.6536,-73.5866
11542,Glen Cove,NY,40.865,-73.6277
11552,West Hempstead,NY,40.6929,-73.6539
11559,Lawrence,NY,40.614,-73.733
11563,Lynbrook,NY,40.6571,-73.6741
11566,Merrick,NY,40.6685,-73.5536
11570,Rockville Centre,NY,40.6637,-73.638
11572,Oceanside,NY,40.6362,-73.6375
11577,Roslyn Heights,NY,40.7845,-73.6403
11580,Valley Stream,NY,40.6742,-73.7057
11590,Westbury,NY,40.7557,-73.5723
11691,Far Rockaway,NY,40.6006,-73.758
11693,Far Rockaway,NY,40.6076,-73.8198
11703,North Babylon,NY,40.7321,-73.3236
11704,West Babylon,NY,40.7135,-73.3546
11706,Bay Shore,NY,40.7051,-73.243
11710,Bellmore,NY,40.6729,-73.5365
11713,Bellport,NY,40.7733,-72.9469
11714,Bethpage,NY,40.74,-73.4857
11715,Blue Point,NY,40.7501,-73.0352
11717,Brentwood,NY,40.7809,-73.2503
11720,Centereach,NY,40.8705,-73.0822
11721,Centerport,NY,40.8929,-73.3754
11725,Commack,NY,40.843,-73.2799
11727,Coram,NY,40.885,-73.0069
11729,Deer Park,NY,40.7591,-73.3257
11731,East Northport,NY,40.857,-73.3146
11733,East Setauket,NY,40.9426,-73.1116
11735,Farmingdale,NY,40.7315,-73.4327
11738,Farmingville,NY,40.8366,-73.0413
11747,Melville,NY,40.7946,-73.403
11757,Lindenhurst,NY,40.6884,-73.3745
11763,Medford,NY,40.8174,-72.9852
11764,Miller Place,NY,40.9436,-72.9913
11768,Northport,NY,40.9051,-73.3309
11772,Patchogue,NY,40.7609,-72.9871
11776,Port Jefferson Station,NY,40.9136,-73.0464
11780,Saint James,NY,40.8813,-73.1591
11784,Selden,NY,40.8699,-73.0448
11787,Smithtown,NY,40.8542,-73.2138
11788,Hauppauge,NY,40.8231,-73.1958
11789,Sound Beach,NY,40.9567,-72.9742
11791,Syosset,NY,40.8146,-73.5024
11795,West Islip,NY,40.7117,-73.3007
11801,Hicksville,NY,40.7623,-73.523
11901,Riverhead,NY,40.9262,-72.652
11949,Manorville,NY,40.8421,-72.8002
11951,Mastic Beach,NY,40.7657,-72.8537
11959,Quogue,NY,40.8226,-72.6012
11960,Remsenburg,NY,40.8086,-72.7064
11961,Ridge,NY,40.9018,-72.8881
11978,Westhampton Beach,NY,40.8295,-72.6473
18015,Bethlehem,PA,40.6002,-75.3805
18017,Bethlehem,PA,40.6622,-75.3903
18018,Bethlehem,PA,40.6278,-75.3928
18020,Bethlehem,PA,40.6693,-75.3349
18037,Coplay,PA,40.6701,-75.4955
18040,Easton,PA,40.7449,-75.2217
18042,Easton,PA,40.6516,-75.224
18045,Easton,PA,40.6957,-75.2865
18052,Whitehall,PA,40.6567,-75.5041
18064,Nazareth,PA,40.745,-75.3199
18067,Northampton,PA,40.6998,-75.4874
18078,Schnecksville,PA,40.6819,-75.6239
18102,Allentown,PA,40.6068,-75.4781
18103,Allentown,PA,40.5891,-75.4645
18104,Allentown,PA,40.6018,-75.5225
18109,Allentown,PA,40.6366,-75.4405
19002,Ambler,PA,40.1809,-75.2156
19003,Ardmore,PA,40.002,-75.2966
19007,Bristol,PA,40.1159,-74.8536
19014,Aston,PA,39.8643,-75.4332
19020,Bensalem,PA,40.1109,-74.9378
19021,Croydon,PA,40.0933,-74.8991
19023,Darby,PA,39.9176,-75.2696
19030,Fairless Hills,PA,40.1748,-74.8519
19033,Folsom,PA,39.8901,-75.3296
19035,Gladwyne,PA,40.0451,-75.2821
19038,Glenside,PA,40.1096,-75.155
19046,Jenkintown,PA,40.098,-75.1078
19047,Langhorne,PA,40.1813,-74.9104
19050,Lansdowne,PA,39.9375,-75.2637
19054,Levittown,PA,40.1681,-74.8231
19055,Levittown,PA,40.1483,-74.8371
19056,Levittown,PA,40.1519,-74.8826
19063,Media,PA,39.9188,-75.3991
19067,Morrisville,PA,40.2084,-74.8291
19073,Newtown Square,PA,39.9863,-75.407
19083,Havertown,PA,39.9774,-75.3106
19087,Wayne,PA,40.0612,-75.3999
19090,Willow Grove,PA,40.1567,-75.1269
19096,Wynnewood,PA,40.0,-75.276
19103,Philadelphia,PA,39.9513,-75.1741
19107,Philadelphia,PA,39.9487,-75.1593
19111,Philadelphia,PA,40.0596,-75.0818
19114,Philadelphia,PA,40.0634,-74.999
19115,Philadelphia,PA,40.0903,-75.041
19116,Philadelphia,PA,40.1166,-75.0198
19120,Philadelphia,PA,40.0343,-75.1213
19122,Philadelphia,PA,39.978,-75.1459
19124,Philadelphia,PA,40.0178,-75.0895
19126,Philadelphia,PA,40.0568,-75.1379
19129,Philadelphia,PA,40.0118,-75.1861
19131,Philadelphia,PA,39.9845,-75.2282
19132,Philadelphia,PA,39.9954,-75.1698
19133,Philadelphia,PA,39.9925,-75.1415
19136,Philadelphia,PA,40.0422,-75.0244
19138,Philadelphia,PA,40.0568,-75.1569
19139,Philadelphia,PA,39.9612,-75.2303
19142,Philadelphia,PA,39.9223,-75.2338
19143,Philadelphia,PA,39.9448,-75.2288
19145,Philadelphia,PA,39.9227,-75.1812
19146,Philadelphia,PA,39.9379,-75.1794
19147,Philadelphia,PA,39.9362,-75.1563
19148,Philadelphia,PA,39.9207,-75.1595
19149,Philadelphia,PA,40.0369,-75.0664
19150,Philadelphia,PA,40.0726,-75.1706
19154,Philadelphia,PA,40.0897,-74.9781
19355,Malvern,PA,40.0468,-75.531
19380,West Chester,PA,39.9845,-75.5962
19401,Norristown,PA,40.1245,-75.3304
19403,Norristown,PA,40.1496,-75.3796
19406,King Of Prussia,PA,40.0956,-75.3737
19422,Blue Bell,PA,40.1576,-75.2799
19428,Conshohocken,PA,40.0825,-75.3044
19436,Gwynedd,PA,40.2021,-75.2507
19440,Hatfield,PA,40.2778,-75.2975
19444,Lafayette Hill,PA,40.0896,-75.2601
19446,Lansdale,PA,40.2378,-75.2955
19460,Phoenixville,PA,40.1267,-75.5272
19703,Claymont,DE,39.8044,-75.4649
19801,Wilmington,DE,39.7378,-75.5497
19802,Wilmington,DE,39.7564,-75.534
19804,Wilmington,DE,39.7168,-75.6184
19805,Wilmington,DE,39.7434,-75.5827
19809,Wilmington,DE,39.7647,-75.5069
20001,Washington,DC,38.9122,-77.0177
20002,Washington,DC,38.9024,-76.9901
20005,Washington,DC,38.9067,-77.0312
20007,Washington,DC,38.9144,-77.074
20009,Washington,DC,38.9202,-77.0375
20010,Washington,DC,38.9327,-77.0322
20011,Washington,DC,38.9518,-77.0203
20016,Washington,DC,38.9381,-77.086
20017,Washington,DC,38.9367,-76.994
20018,Washington,DC,38.9277,-76.9762
20019,Washington,DC,38.8902,-76.9376
20020,Washington,DC,38.86,-76.9742
20024,Washington,DC,38.8759,-77.016
20032,Washington,DC,38.8338,-76.9995
20037,Washington,DC,38.9014,-77.0504
20050,Washington,DC,38.8933,-77.0146
20223,Washington,DC,38.8933,-77.0146
20373,Naval Anacost Annex,DC,38.8951,-77.0364
20390,Washington,DC,38.8933,-77.0146
20509,Washington,DC,38.8987,-77.0356
20534,Washington,DC,38.8941,-77.0125
20585,Washington,DC,38.8933,-77.0146
20705,Beltsville,MD,39.0455,-76.9242
20706,Lanham,MD,38.9675,-76.8551
20707,Laurel,MD,39.1077,-76.872
20708,Laurel,MD,39.0499,-76.8345
20710,Bladensburg,MD,38.9421,-76.9261
20715,Bowie,MD,38.9797,-76.7435
20716,Bowie,MD,38.9263,-76.7098
20720,Bowie,MD,38.9885,-76.791
20721,Bowie,MD,38.9194,-76.7871
20723,Laurel,MD,39.1208,-76.8435
20724,Laurel,MD,39.0958,-76.8155
20735,Clinton,MD,38.7549,-76.9026
20737,Riverdale,MD,38.9601,-76.9147
20740,College Park,MD,38.9963,-76.9299
20743,Capitol Heights,MD,38.8897,-76.8925
20744,Fort Washington,MD,38.7587,-76.9835
20745,Oxon Hill,MD,38.8108,-76.9898
20746,Suitland,MD,38.8425,-76.9222
20747,District Heights,MD,38.8539,-76.8891
20748,Temple Hills,MD,38.8222,-76.9478
20755,Fort George G Meade,MD,39.1059,-76.7467
20770,Greenbelt,MD,38.9996,-76.884
20772,Upper Marlboro,MD,38.8377,-76.798
20774,Upper Marlboro,MD,38.8682,-76.8156
20781,Hyattsville,MD,38.9506,-76.9347
20782,Hyattsville,MD,38.9647,-76.9649
20783,Hyattsville,MD,39.0005,-76.9723
20784,Hyattsville,MD,38.9513,-76.8958
20785,Hyattsville,MD,38.9223,-76.8755
20794,Jessup,MD,39.1484,-76.7922
20814,Bethesda,MD,39.0003,-77.1022
20815,Chevy Chase,MD,38.978,-77.082
20817,Bethesda,MD,38.9896,-77.1538
20832,Olney,MD,39.1526,-77.0749
20850,Rockville,MD,39.087,-77.168
20852,Rockville,MD,39.0496,-77.1204
20854,Potomac,MD,39.0388,-77.1922
20855,Derwood,MD,39.1345,-77.1477
20861,Ashton,MD,39.151,-76.9924
20862,Brinklow,MD,39.1838,-77.0163
20866,Burtonsville,MD,39.0922,-76.9339
20871,Clarksburg,MD,39.2387,-77.2794
20872,Damascus,MD,39.2761,-77.2131
20874,Germantown,MD,39.1355,-77.2822
20876,Germantown,MD,39.188,-77.2358
20877,Gaithersburg,MD,39.1419,-77.189
20879,Gaithersburg,MD,39.173,-77.1855
20886,Montgomery Village,MD,39.1757,-77.1873
20899,Gaithersburg,MD,39.1403,-77.222
20901,Silver Spring,MD,39.0191,-77.0076
20902,Silver Spring,MD,39.04,-77.0444
20903,Silver Spring,MD,39.0095,-76.9846
20904,Silver Spring,MD,39.0668,-76.9969
20905,Silver Spring,MD,39.1148,-77.0059
20906,Silver Spring,MD,39.084,-77.0613
20910,Silver Spring,MD,38.9982,-77.0338
21029,Clarksville,MD,39.2125,-76.9515
21030,Cockeysville,MD,39.4919,-76.6677
21032,Crownsville,MD,39.0489,-76.5935
21043,Ellicott City,MD,39.2548,-76.8001
21045,Columbia,MD,39.2051,-76.8322
21054,Gambrills,MD,39.0407,-76.6819
21060,Glen Burnie,MD,39.1702,-76.5798
21061,Glen Burnie,MD,39.1618,-76.6297
21074,Hampstead,MD,39.6146,-76.8644
21075,Elkridge,MD,39.2058,-76.7531
21076,Hanover,MD,39.1551,-76.7215
21090,Linthicum Heights,MD,39.2092,-76.6681
21093,Lutherville Timonium,MD,39.4332,-76.6546
21102,Manchester,MD,39.6747,-76.8941
21113,Odenton,MD,39.0762,-76.6996
21117,Owings Mills,MD,39.4269,-76.7769
21120,Parkton,MD,39.6422,-76.6737
21133,Randallstown,MD,39.3746,-76.8002
21136,Reisterstown,MD,39.46,-76.8135
21144,Severn,MD,39.1275,-76.698
21146,Severna Park,MD,39.0811,-76.5577
21152,Sparks Glencoe,MD,39.5483,-76.6819
21155,Upperco,MD,39.5676,-76.7972
21157,Westminster,MD,39.5642,-76.9807
21161,White Hall,MD,39.6618,-76.5666
21163,Woodstock,MD,39.3498,-76.8456
21201,Baltimore,MD,39.2946,-76.6252
21202,Baltimore,MD,39.2998,-76.6075
21204,Towson,MD,39.4072,-76.6038
21205,Baltimore,MD,39.3009,-76.5799
21206,Baltimore,MD,39.3365,-76.5411
21207,Gwynn Oak,MD,39.3296,-76.7341
21208,Pikesville,MD,39.3764,-76.729
21209,Baltimore,MD,39.3716,-76.6744
21212,Baltimore,MD,39.3626,-76.61
21213,Baltimore,MD,39.3127,-76.581
21214,Baltimore,MD,39.3521,-76.5644
21215,Baltimore,MD,39.3446,-76.6794
21217,Baltimore,MD,39.3064,-76.6393
21218,Baltimore,MD,39.3265,-76.6048
21219,Sparrows Point,MD,39.2296,-76.4455
21220,Middle River,MD,39.3401,-76.4153
21222,Dundalk,MD,39.2655,-76.4935
21224,Baltimore,MD,39.2876,-76.5568
21225,Brooklyn,MD,39.2259,-76.6153
21227,Halethorpe,MD,39.2309,-76.6969
21228,Catonsville,MD,39.2782,-76.7401
21229,Baltimore,MD,39.2856,-76.6899
21230,Baltimore,MD,39.2645,-76.6224
21231,Baltimore,MD,39.2892,-76.59
21234,Parkville,MD,39.3876,-76.5418
21236,Nottingham,MD,39.3914,-76.4871
21239,Baltimore,MD,39.361,-76.5891
21244,Windsor Mill,MD,39.3331,-76.7849
21250,Baltimore,MD,39.2582,-76.7131
21286,Towson,MD,39.4143,-76.5761
21701,Frederick,MD,39.4461,-77.335
21702,Frederick,MD,39.4926,-77.4612
21703,Frederick,MD,39.3647,-77.4636
21774,New Market,MD,39.4096,-77.2759
21784,Sykesville,MD,39.4567,-76.9696
21798,Woodsboro,MD,39.5311,-77.2972
30004,Alpharetta,GA,34.1124,-84.302
30005,Alpharetta,GA,34.0782,-84.2281
30009,Alpharetta,GA,34.077,-84.3033
30013,Conyers,GA,33.6436,-83.9684
30017,Grayson,GA,33.8901,-83.9632
30019,Dacula,GA,33.9883,-83.8795
30022,Alpharetta,GA,34.0268,-84.2422
30024,Suwanee,GA,34.0425,-84.0262
30030,Decatur,GA,33.7699,-84.295
30032,Decatur,GA,33.7408,-84.2632
30034,Decatur,GA,33.6954,-84.2489
30035,Decatur,GA,33.7278,-84.2143
30038,Lithonia,GA,33.6823,-84.161
30039,Snellville,GA,33.8178,-84.0229
30040,Cumming,GA,34.2321,-84.158
30041,Cumming,GA,34.2037,-84.1031
30043,Lawrenceville,GA,34.0031,-84.0126
30044,Lawrenceville,GA,33.9418,-84.0706
30045,Lawrenceville,GA,33.9367,-83.9573
30046,Lawrenceville,GA,33.9496,-83.9942
30047,Lilburn,GA,33.8656,-84.0725
30058,Lithonia,GA,33.7356,-84.1009
30060,Marietta,GA,33.9382,-84.5403
30062,Marietta,GA,34.0025,-84.4633
30064,Marietta,GA,33.9343,-84.6076
30066,Marietta,GA,34.0378,-84.5038
30067,Marietta,GA,33.9282,-84.4733
30068,Marietta,GA,33.9679,-84.4385
30071,Norcross,GA,33.9381,-84.1972
30075,Roswell,GA,34.0408,-84.3859
30076,Roswell,GA,34.0213,-84.3104
30078,Snellville,GA,33.8635,-84.0081
30080,Smyrna,GA,33.8796,-84.5023
30082,Smyrna,GA,33.8631,-84.5382
30083,Stone Mountain,GA,33.7942,-84.2018
30084,Tucker,GA,33.857,-84.216
30087,Stone Mountain,GA,33.8082,-84.1702
30092,Peachtree Corners,GA,33.9701,-84.2216
30093,Norcross,GA,33.906,-84.184
30096,Duluth,GA,33.9845,-84.1529
30097,Duluth,GA,34.026,-84.147
30101,Acworth,GA,34.0756,-84.6477
30102,Acworth,GA,34.0707,-84.5894
30106,Austell,GA,33.8369,-84.6307
30115,Canton,GA,34.1993,-84.4199
30120,Cartersville,GA,34.187,-84.8204
30121,Cartersville,GA,34.2079,-84.7673
30122,Lithia Springs,GA,33.7655,-84.6469
30126,Mableton,GA,33.8332,-84.6031
30127,Powder Springs,GA,33.9135,-84.6859
30134,Douglasville,GA,33.7606,-84.7477
30135,Douglasville,GA,33.6989,-84.7454
30141,Hiram,GA,33.8673,-84.7699
30144,Kennesaw,GA,34.0287,-84.6047
30152,Kennesaw,GA,33.9951,-84.6544
30168,Austell,GA,33.7838,-84.5952
30188,Woodstock,GA,34.106,-84.5117
30189,Woodstock,GA,34.1281,-84.5717
30213,Fairburn,GA,33.5648,-84.5809
30253,Mcdonough,GA,33.451,-84.1544
30260,Morrow,GA,33.5849,-84.3247
30288,Conley,GA,33.6369,-84.3371
30294,Ellenwood,GA,33.6166,-84.2939
30297,Forest Park,GA,33.6115,-84.3745
30303,Atlanta,GA,33.7525,-84.3888
30305,Atlanta,GA,33.832,-84.3851
30306,Atlanta,GA,33.786,-84.3514
30307,Atlanta,GA,33.7691,-84.336
30308,Atlanta,GA,33.7718,-84.3757
30309,Atlanta,GA,33.7984,-84.3883
30310,Atlanta,GA,33.7278,-84.4232
30311,Atlanta,GA,33.723,-84.4702
30313,Atlanta,GA,33.7683,-84.3935
30315,Atlanta,GA,33.7051,-84.3808
30317,Atlanta,GA,33.7498,-84.3169
30318,Atlanta,GA,33.7865,-84.4454
30319,Atlanta,GA,33.8687,-84.3351
30324,Atlanta,GA,33.8206,-84.3549
30326,Atlanta,GA,33.8482,-84.3582
30327,Atlanta,GA,33.8627,-84.42
30328,Atlanta,GA,33.9335,-84.3958
30329,Atlanta,GA,33.8236,-84.3214
30331,Atlanta,GA,33.7224,-84.5205
30336,Atlanta,GA,33.7406,-84.5545
30339,Atlanta,GA,33.8713,-84.4629
30340,Atlanta,GA,33.8932,-84.2539
30341,Atlanta,GA,33.8879,-84.2905
30344,Atlanta,GA,33.6919,-84.448
30345,Atlanta,GA,33.8513,-84.287
30346,Atlanta,GA,33.9267,-84.3334
30349,Atlanta,GA,33.6053,-84.4813
30350,Atlanta,GA,33.9795,-84.3411
30363,Atlanta,GA,33.791,-84.3992
30518,Buford,GA,34.1124,-83.9965
30519,Buford,GA,34.0797,-83.9308
41018,Erlanger,KY,39.0082,-84.5977
41051,Independence,KY,38.9354,-84.5479
43004,Blacklick,OH,40.021,-82.8079
43016,Dublin,OH,40.0985,-83.1537
43017,Dublin,OH,40.1093,-83.1146
43023,Granville,OH,40.0788,-82.5194
43040,Marysville,OH,40.2477,-83.3622
43054,New Albany,OH,40.0847,-82.7988
43065,Powell,OH,40.1834,-83.0912
43068,Reynoldsburg,OH,39.9551,-82.8035
43081,Westerville,OH,40.1146,-82.9105
43085,Columbus,OH,40.0999,-83.0157
43201,Columbus,OH,39.9952,-83.0047
43204,Columbus,OH,39.9523,-83.078
43206,Columbus,OH,39.9426,-82.9748
43207,Columbus,OH,39.9046,-82.9703
43209,Columbus,OH,39.9539,-82.9301
43219,Columbus,OH,40.0326,-82.9103
43220,Columbus,OH,40.0495,-83.0669
43232,Columbus,OH,39.923,-82.8664
43235,Columbus,OH,40.1088,-82.9742
44011,Avon,OH,41.4467,-82.0204
44024,Chardon,OH,41.5719,-81.2056
44026,Chesterland,OH,41.5344,-81.3421
44028,Columbia Station,OH,41.3187,-81.9344
44035,Elyria,OH,41.3724,-82.1051
44039,North Ridgeville,OH,41.3964,-82.0033
44055,Lorain,OH,41.4361,-82.135
44067,Northfield,OH,41.3208,-81.5429
44070,North Olmsted,OH,41.4201,-81.9131
44077,Painesville,OH,41.7079,-81.199
44087,Twinsburg,OH,41.3289,-81.4559
44094,Willoughby,OH,41.6302,-81.4076
44095,Eastlake,OH,41.6587,-81.4445
44102,Cleveland,OH,41.4735,-81.7398
44105,Cleveland,OH,41.4509,-81.619
44106,Cleveland,OH,41.5084,-81.6076
44109,Cleveland,OH,41.4458,-81.7033
44111,Cleveland,OH,41.4571,-81.7844
44112,Cleveland,OH,41.5356,-81.5737
44113,Cleveland,OH,41.4816,-81.7018
44115,Cleveland,OH,41.4946,-81.667
44118,Cleveland,OH,41.5008,-81.5516
44120,Cleveland,OH,41.4714,-81.5839
44121,Cleveland,OH,41.5277,-81.5323
44122,Beachwood,OH,41.4701,-81.5232
44128,Cleveland,OH,41.4416,-81.5486
44129,Cleveland,OH,41.3897,-81.7351
44131,Independence,OH,41.3809,-81.6642
44132,Euclid,OH,41.6069,-81.4993
44134,Cleveland,OH,41.3853,-81.7044
44135,Cleveland,OH,41.4342,-81.8044
44137,Maple Heights,OH,41.4105,-81.5603
44138,Olmsted Falls,OH,41.3734,-81.9158
44139,Solon,OH,41.3866,-81.4421
44140,Bay Village,OH,41.4841,-81.9289
44142,Brookpark,OH,41.3979,-81.8118
44146,Bedford,OH,41.3921,-81.5232
44147,Broadview Heights,OH,41.3141,-81.6731
44149,Strongsville,OH,41.3134,-81.8562
44202,Aurora,OH,41.3176,-81.3454
44203,Barberton,OH,41.0197,-81.6212
44221,Cuyahoga Falls,OH,41.1401,-81.479
44223,Cuyahoga Falls,OH,41.1464,-81.5107
44224,Stow,OH,41.1748,-81.438
44233,Hinckley,OH,41.2419,-81.7453
44240,Kent,OH,41.1449,-81.3498
44278,Tallmadge,OH,41.0975,-81.426
44281,Wadsworth,OH,41.0384,-81.7374
44306,Akron,OH,41.0479,-81.4916
44312,Akron,OH,41.0334,-81.4385
44320,Akron,OH,41.0835,-81.5674
45005,Franklin,OH,39.5357,-84.303
45011,Hamilton,OH,39.4059,-84.5221
45014,Fairfield,OH,39.3266,-84.5479
45036,Lebanon,OH,39.4293,-84.1735
45040,Mason,OH,39.3357,-84.3149
45044,Middletown,OH,39.5151,-84.3983
45050,Monroe,OH,39.4413,-84.3652
45067,Trenton,OH,39.4799,-84.4598
45102,Amelia,OH,39.0211,-84.2112
45103,Batavia,OH,39.0957,-84.1451
45140,Loveland,OH,39.2445,-84.2588
45150,Milford,OH,39.1657,-84.233
45202,Cincinnati,OH,39.1072,-84.502
45203,Cincinnati,OH,39.1075,-84.5257
45204,Cincinnati,OH,39.0963,-84.5719
45205,Cincinnati,OH,39.1104,-84.5757
45207,Cincinnati,OH,39.1397,-84.4706
45208,Cincinnati,OH,39.1361,-84.4355
45209,Cincinnati,OH,39.1516,-84.4278
45211,Cincinnati,OH,39.1524,-84.5967
45212,Cincinnati,OH,39.1642,-84.4522
45214,Cincinnati,OH,39.1219,-84.5506
45215,Cincinnati,OH,39.2353,-84.4619
45216,Cincinnati,OH,39.2003,-84.4859
45219,Cincinnati,OH,39.127,-84.5131
45224,Cincinnati,OH,39.1991,-84.5251
45226,Cincinnati,OH,39.1174,-84.4312
45227,Cincinnati,OH,39.1539,-84.3854
45230,Cincinnati,OH,39.0713,-84.3758
45231,Cincinnati,OH,39.2418,-84.5437
45232,Cincinnati,OH,39.1859,-84.5141
45233,Cincinnati,OH,39.111,-84.6594
45236,Cincinnati,OH,39.21,-84.395
45237,Cincinnati,OH,39.188,-84.458
45238,Cincinnati,OH,39.1092,-84.6108
45239,Cincinnati,OH,39.2045,-84.5799
45240,Cincinnati,OH,39.2851,-84.5288
45241,Cincinnati,OH,39.2638,-84.4092
45242,Cincinnati,OH,39.2447,-84.3455
45244,Cincinnati,OH,39.1191,-84.351
45248,Cincinnati,OH,39.1652,-84.6625
45249,Cincinnati,OH,39.2692,-84.3307
45251,Cincinnati,OH,39.2672,-84.5993
45305,Bellbrook,OH,39.6402,-84.0824
45324,Fairborn,OH,39.8053,-84.0198
45377,Vandalia,OH,39.8883,-84.2023
45402,Dayton,OH,39.7563,-84.1895
45403,Dayton,OH,39.7617,-84.1498
45404,Dayton,OH,39.7862,-84.1622
45405,Dayton,OH,39.7899,-84.2135
45409,Dayton,OH,39.7238,-84.1854
45410,Dayton,OH,39.7474,-84.16
45414,Dayton,OH,39.8285,-84.2024
45415,Dayton,OH,39.8355,-84.2613
45417,Dayton,OH,39.7528,-84.247
45420,Dayton,OH,39.7171,-84.1342
45424,Dayton,OH,39.8353,-84.1123
45429,Dayton,OH,39.6841,-84.1633
45433,Dayton,OH,39.8138,-84.059
45440,Dayton,OH,39.6749,-84.1136
45458,Dayton,OH,39.6062,-84.1695
45459,Dayton,OH,39.6464,-84.1717
46032,Carmel,IN,39.9712,-86.1245
46037,Fishers,IN,39.9559,-85.9601
46038,Fishers,IN,39.9575,-86.023
46040,Fortville,IN,39.9323,-85.848
46055,Mccordsville,IN,39.9081,-85.9228
46062,Noblesville,IN,40.0617,-86.0555
46075,Whitestown,IN,40.0,-86.3507
46077,Zionsville,IN,39.9561,-86.2767
46107,Beech Grove,IN,39.7154,-86.0933
46112,Brownsburg,IN,39.8466,-86.3869
46113,Camby,IN,39.6405,-86.3118
46123,Avon,IN,39.7629,-86.3996
46140,Greenfield,IN,39.7902,-85.8141
46143,Greenwood,IN,39.596,-86.1309
46168,Plainfield,IN,39.6893,-86.3919
46184,Whiteland,IN,39.5611,-86.0723
46201,Indianapolis,IN,39.775,-86.1093
46204,Indianapolis,IN,39.772,-86.1535
46205,Indianapolis,IN,39.8268,-86.1386
46214,Indianapolis,IN,39.7924,-86.2875
46217,Indianapolis,IN,39.6782,-86.1976
46219,Indianapolis,IN,39.7821,-86.0495
46220,Indianapolis,IN,39.8647,-86.1181
46221,Indianapolis,IN,39.7509,-86.1924
46224,Indianapolis,IN,39.794,-86.2707
46226,Indianapolis,IN,39.8326,-86.0836
46227,Indianapolis,IN,39.6789,-86.1302
46228,Indianapolis,IN,39.8462,-86.1951
46231,Indianapolis,IN,39.7038,-86.3029
46235,Indianapolis,IN,39.8471,-85.9741
46237,Indianapolis,IN,39.673,-86.0757
46239,Indianapolis,IN,39.7265,-86.0005
46241,Indianapolis,IN,39.7096,-86.2614
46256,Indianapolis,IN,39.8977,-86.0094
46278,Indianapolis,IN,39.8726,-86.2768
46280,Indianapolis,IN,39.9416,-86.1157
46304,Chesterton,IN,41.6143,-87.047
46307,Crown Point,IN,41.4236,-87.3556
46311,Dyer,IN,41.492,-87.5108
46312,East Chicago,IN,41.6349,-87.4627
46322,Highland,IN,41.55,-87.4569
46323,Hammond,IN,41.5878,-87.4532
46342,Hobart,IN,41.5263,-87.2525
46368,Portage,IN,41.5672,-87.1757
46385,Valparaiso,IN,41.4706,-87.0783
46402,Gary,IN,41.5997,-87.3385
46403,Gary,IN,41.6036,-87.259
46404,Gary,IN,41.5899,-87.3732
46410,Merrillville,IN,41.4957,-87.3509
48009,Birmingham,MI,42.5444,-83.2133
48021,Eastpointe,MI,42.4658,-82.9459
48026,Fraser,MI,42.5423,-82.947
48030,Hazel Park,MI,42.4608,-83.0982
48038,Clinton Township,MI,42.6206,-82.9608
48043,Mount Clemens,MI,42.5978,-82.8823
48044,Macomb,MI,42.6442,-82.8985
48045,Harrison Township,MI,42.5877,-82.8215
48047,New Baltimore,MI,42.673,-82.7753
48066,Roseville,MI,42.5034,-82.9387
48067,Royal Oak,MI,42.4906,-83.1366
48075,Southfield,MI,42.4638,-83.2255
48080,Saint Clair Shores,MI,42.4706,-82.9022
48084,Troy,MI,42.5627,-83.1799
48085,Troy,MI,42.6006,-83.1198
48088,Warren,MI,42.5164,-82.9832
48091,Warren,MI,42.4665,-83.0593
48093,Warren,MI,42.5149,-82.9968
48105,Ann Arbor,MI,42.3042,-83.7068
48108,Ann Arbor,MI,42.2328,-83.7015
48111,Belleville,MI,42.1949,-83.4854
48120,Dearborn,MI,42.3223,-83.1763
48122,Melvindale,MI,42.2812,-83.1826
48124,Dearborn,MI,42.2941,-83.2536
48125,Dearborn Heights,MI,42.2768,-83.2606
48126,Dearborn,MI,42.3349,-83.1801
48127,Dearborn Heights,MI,42.3353,-83.2864
48128,Dearborn,MI,42.32,-83.2701
48135,Garden City,MI,42.3242,-83.3402
48141,Inkster,MI,42.294,-83.3146
48146,Lincoln Park,MI,42.2422,-83.1807
48164,New Boston,MI,42.1449,-83.3589
48167,Northville,MI,42.4262,-83.4794
48168,Northville,MI,42.4086,-83.4978
48170,Plymouth,MI,42.3688,-83.4799
48174,Romulus,MI,42.2223,-83.3966
48178,South Lyon,MI,42.4567,-83.659
48180,Taylor,MI,42.2317,-83.2673
48183,Trenton,MI,42.1382,-83.2179
48184,Wayne,MI,42.2768,-83.3758
48185,Westland,MI,42.3358,-83.3846
48186,Westland,MI,42.289,-83.3686
48187,Canton,MI,42.332,-83.4695
48188,Canton,MI,42.291,-83.465
48189,Whitmore Lake,MI,42.4289,-83.7828
48191,Willis,MI,42.1292,-83.5687
48192,Wyandotte,MI,42.2084,-83.1616
48197,Ypsilanti,MI,42.2325,-83.6336
48198,Ypsilanti,MI,42.2439,-83.583
48201,Detroit,MI,42.3474,-83.0604
48202,Detroit,MI,42.377,-83.0796
48205,Detroit,MI,42.4313,-82.9813
48208,Detroit,MI,42.3495,-83.0927
48211,Detroit,MI,42.3809,-83.0409
48212,Hamtramck,MI,42.4081,-83.0583
48214,Detroit,MI,42.3669,-82.9938
48219,Detroit,MI,42.426,-83.2495
48224,Detroit,MI,42.4098,-82.9441
48227,Detroit,MI,42.3883,-83.1937
48228,Detroit,MI,42.3547,-83.2168
48230,Grosse Pointe,MI,42.3847,-82.9244
48234,Detroit,MI,42.4337,-83.0434
48236,Grosse Pointe,MI,42.4274,-82.9002
48239,Redford,MI,42.3756,-83.2889
48301,Bloomfield Hills,MI,42.5445,-83.2792
48304,Bloomfield Hills,MI,42.587,-83.2359
48306,Rochester,MI,42.7262,-83.1566
48307,Rochester,MI,42.6593,-83.1225
48309,Rochester,MI,42.6626,-83.1837
48310,Sterling Heights,MI,42.5648,-83.0701
48312,Sterling Heights,MI,42.5592,-83.0029
48313,Sterling Heights,MI,42.6005,-82.9998
48315,Utica,MI,42.671,-82.9988
48316,Utica,MI,42.6885,-83.0548
48323,West Bloomfield,MI,42.5683,-83.3805
48327,Waterford,MI,42.6438,-83.4076
48328,Waterford,MI,42.6429,-83.3546
48329,Waterford,MI,42.6877,-83.3879
48331,Farmington,MI,42.5051,-83.4072
48334,Farmington,MI,42.5065,-83.3484
48335,Farmington,MI,42.4617,-83.4053
48336,Farmington,MI,42.4656,-83.3638
48340,Pontiac,MI,42.668,-83.2893
48346,Clarkston,MI,42.7239,-83.4232
48348,Clarkston,MI,42.7605,-83.404
48350,Davisburg,MI,42.7496,-83.5358
48356,Highland,MI,42.6692,-83.5895
48359,Lake Orion,MI,42.7231,-83.2769
48362,Lake Orion,MI,42.7763,-83.2748
48374,Novi,MI,42.4735,-83.5224
48375,Novi,MI,42.4604,-83.4577
48383,White Lake,MI,42.658,-83.5398
48386,White Lake,MI,42.641,-83.4738
48390,Walled Lake,MI,42.5582,-83.4773
48393,Wixom,MI,42.534,-83.5285
53017,Colgate,WI,43.1998,-88.2406
53024,Grafton,WI,43.3231,-87.9521
53027,Hartford,WI,43.3157,-88.3707
53033,Hubertus,WI,43.2343,-88.2311
53051,Menomonee Falls,WI,43.1602,-88.1128
53072,Pewaukee,WI,43.0788,-88.2729
53089,Sussex,WI,43.1441,-88.2271
53092,Mequon,WI,43.2364,-87.9845
53097,Mequon,WI,43.2461,-88.0046
53104,Bristol,WI,42.5325,-88.0478
53105,Burlington,WI,42.666,-88.2749
53126,Franksville,WI,42.7859,-87.9873
53132,Franklin,WI,42.9017,-88.0086
53143,Kenosha,WI,42.5617,-87.8301
53144,Kenosha,WI,42.6058,-87.8762
53146,New Berlin,WI,42.974,-88.1553
53149,Mukwonago,WI,42.8821,-88.3451
53150,Muskego,WI,42.9047,-88.1214
53151,New Berlin,WI,42.9822,-88.0946
53154,Oak Creek,WI,42.8892,-87.9027
53158,Pleasant Prairie,WI,42.5293,-87.8855
53168,Salem,WI,42.5709,-88.1287
53172,South Milwaukee,WI,42.9105,-87.8646
53177,Sturtevant,WI,42.6967,-87.9031
53182,Union Grove,WI,42.6896,-88.039
53185,Waterford,WI,42.7632,-88.1974
53188,Waukesha,WI,43.0128,-88.2705
53189,Waukesha,WI,42.9516,-88.2963
53202,Milwaukee,WI,43.0506,-87.8968
53204,Milwaukee,WI,43.0158,-87.9317
53214,Milwaukee,WI,43.0215,-88.0176
53215,Milwaukee,WI,43.006,-87.9429
53216,Milwaukee,WI,43.0859,-87.9742
53218,Milwaukee,WI,43.1122,-87.9932
53219,Milwaukee,WI,42.9959,-87.9944
53220,Milwaukee,WI,42.9559,-87.9933
53225,Milwaukee,WI,43.1154,-88.0346
53226,Milwaukee,WI,43.0493,-88.0414
53402,Racine,WI,42.7726,-87.796
53403,Racine,WI,42.706,-87.8014
60004,Arlington Heights,IL,42.112,-87.9792
60008,Rolling Meadows,IL,42.073,-88.0191
60010,Barrington,IL,42.1614,-88.1383
60013,Cary,IL,42.2196,-88.2426
60014,Crystal Lake,IL,42.2308,-88.3324
60016,Des Plaines,IL,42.0467,-87.8859
60018,Des Plaines,IL,42.0155,-87.8687
60025,Glenview,IL,42.0758,-87.8223
60026,Glenview,IL,42.0698,-87.7878
60031,Gurnee,IL,42.3669,-87.9452
60035,Highland Park,IL,42.1794,-87.8059
60046,Lake Villa,IL,42.3813,-87.9991
60047,Lake Zurich,IL,42.2165,-88.0769
60048,Libertyville,IL,42.281,-87.95
60051,Mchenry,IL,42.3542,-88.2294
60061,Vernon Hills,IL,42.2288,-87.9719
60067,Palatine,IL,42.1139,-88.0429
60073,Round Lake,IL,42.3668,-88.0888
60077,Skokie,IL,42.0345,-87.7541
60084,Wauconda,IL,42.2636,-88.1333
60085,Waukegan,IL,42.3542,-87.8651
60088,Great Lakes,IL,42.3032,-87.8642
60089,Buffalo Grove,IL,42.1598,-87.9644
60090,Wheeling,IL,42.134,-87.9341
60091,Wilmette,IL,42.0765,-87.7246
60102,Algonquin,IL,42.1641,-88.3064
60106,Bensenville,IL,41.9501,-87.945
60107,Streamwood,IL,42.0225,-88.169
60118,Dundee,IL,42.0962,-88.2902
60123,Elgin,IL,42.0376,-88.3186
60131,Franklin Park,IL,41.9339,-87.8734
60137,Glen Ellyn,IL,41.8661,-88.0648
60139,Glendale Heights,IL,41.9205,-88.0793
60142,Huntley,IL,42.1756,-88.4268
60148,Lombard,IL,41.8721,-88.016
60162,Hillside,IL,41.8725,-87.9016
60172,Roselle,IL,41.9798,-88.0857
60185,West Chicago,IL,41.8886,-88.2022
60188,Carol Stream,IL,41.9178,-88.137
60189,Wheaton,IL,41.8397,-88.0887
60193,Schaumburg,IL,42.0144,-88.0935
60194,Schaumburg,IL,42.0289,-88.1167
60202,Evanston,IL,42.0302,-87.6865
60301,Oak Park,IL,41.8886,-87.7986
60302,Oak Park,IL,41.8925,-87.7895
60305,River Forest,IL,41.8951,-87.8159
60402,Berwyn,IL,41.8347,-87.7914
60404,Shorewood,IL,41.5076,-88.2169
60409,Calumet City,IL,41.6153,-87.5483
60411,Chicago Heights,IL,41.5087,-87.5904
60426,Harvey,IL,41.6103,-87.6534
60430,Homewood,IL,41.5556,-87.6616
60431,Joliet,IL,41.4712,-87.9391
60433,Joliet,IL,41.5119,-88.0569
60435,Joliet,IL,41.5454,-88.1299
60436,Joliet,IL,41.4884,-88.1572
60438,Lansing,IL,41.566,-87.5446
60439,Lemont,IL,41.7074,-87.9756
60440,Bolingbrook,IL,41.6976,-88.0873
60441,Lockport,IL,41.593,-88.0507
60443,Matteson,IL,41.5102,-87.7406
60445,Midlothian,IL,41.635,-87.7362
60448,Mokena,IL,41.5342,-87.8911
60451,New Lenox,IL,41.5067,-87.9631
60452,Oak Forest,IL,41.6077,-87.7542
60453,Oak Lawn,IL,41.7143,-87.7516
60457,Hickory Hills,IL,41.7262,-87.8289
60462,Orland Park,IL,41.6194,-87.8423
60463,Palos Heights,IL,41.6621,-87.7927
60467,Orland Park,IL,41.6018,-87.8899
60469,Posen,IL,41.6277,-87.6872
60477,Tinley Park,IL,41.5825,-87.805
60478,Country Club Hills,IL,41.5637,-87.7247
60490,Bolingbrook,IL,41.679,-88.1403
60491,Homer Glen,IL,41.6028,-87.9599
60501,Summit Argo,IL,41.7801,-87.824
60502,Aurora,IL,41.7845,-88.2616
60505,Aurora,IL,41.7582,-88.2971
60506,Aurora,IL,41.7664,-88.3446
60513,Brookfield,IL,41.8217,-87.8492
60514,Clarendon Hills,IL,41.7965,-87.9569
60515,Downers Grove,IL,41.8034,-88.0138
60517,Woodridge,IL,41.7518,-88.0489
60525,La Grange,IL,41.7842,-87.8689
60526,La Grange Park,IL,41.8318,-87.874
60532,Lisle,IL,41.7862,-88.0879
60538,Montgomery,IL,41.7177,-88.332
60546,Riverside,IL,41.8379,-87.8213
60559,Westmont,IL,41.7728,-87.9757
60563,Naperville,IL,41.7895,-88.169
60564,Naperville,IL,41.704,-88.1952
60565,Naperville,IL,41.7328,-88.1282
60585,Plainfield,IL,41.6558,-88.2203
60605,Chicago,IL,41.8713,-87.6277
60607,Chicago,IL,41.8721,-87.6578
60608,Chicago,IL,41.8515,-87.6694
60609,Chicago,IL,41.8097,-87.6533
60611,Chicago,IL,41.8971,-87.6223
60615,Chicago,IL,41.8022,-87.6006
60617,Chicago,IL,41.7257,-87.556
60618,Chicago,IL,41.9464,-87.7042
60619,Chicago,IL,41.7458,-87.6054
60620,Chicago,IL,41.7411,-87.6543
60621,Chicago,IL,41.775,-87.6421
60622,Chicago,IL,41.9019,-87.6779
60623,Chicago,IL,41.849,-87.7157
60625,Chicago,IL,41.9703,-87.7042
60626,Chicago,IL,42.0095,-87.6689
60628,Chicago,IL,41.6934,-87.6243
60629,Chicago,IL,41.7781,-87.7069
60630,Chicago,IL,41.9699,-87.7603
60631,Chicago,IL,41.9951,-87.8082
60632,Chicago,IL,41.8093,-87.7052
60633,Chicago,IL,41.6642,-87.5612
60634,Chicago,IL,41.9463,-87.8061
60636,Chicago,IL,41.776,-87.6674
60637,Chicago,IL,41.7813,-87.6051
60638,Chicago,IL,41.7814,-87.7705
60639,Chicago,IL,41.9202,-87.7535
60643,Chicago,IL,41.6996,-87.6628
60644,Chicago,IL,41.8829,-87.7582
60647,Chicago,IL,41.9209,-87.7043
60649,Chicago,IL,41.762,-87.5703
60651,Chicago,IL,41.9025,-87.7393
60652,Chicago,IL,41.7454,-87.7135
60654,Chicago,IL,41.8923,-87.6373
60655,Chicago,IL,41.6948,-87.7038
60657,Chicago,IL,41.9399,-87.6528
60706,Harwood Heights,IL,41.9643,-87.8162
60707,Elmwood Park,IL,41.9232,-87.8185
60712,Lincolnwood,IL,42.008,-87.7361
60804,Cicero,IL,41.8378,-87.7602
75001,Addison,TX,32.96,-96.8385
75006,Carrollton,TX,32.9657,-96.8825
75010,Carrollton,TX,33.0304,-96.8777
75013,Allen,TX,33.1186,-96.6773
75022,Flower Mound,TX,33.0268,-97.1193
75023,Plano,TX,33.055,-96.7365
75024,Plano,TX,33.0752,-96.7843
75025,Plano,TX,33.0784,-96.7291
75028,Flower Mound,TX,33.0383,-97.0745
75033,Frisco,TX,33.2559,-96.8853
75034,Frisco,TX,33.1499,-96.8241
75035,Frisco,TX,33.1377,-96.7524
75036,Frisco,TX,33.1499,-96.8241
75038,Irving,TX,32.8653,-96.9905
75039,Irving,TX,32.8697,-96.9389
75040,Garland,TX,32.9227,-96.6248
75042,Garland,TX,32.9185,-96.6775
75043,Garland,TX,32.8565,-96.5999
75050,Grand Prairie,TX,32.7649,-97.0112
75051,Grand Prairie,TX,32.7115,-97.0069
75052,Grand Prairie,TX,32.6605,-97.0311
75054,Grand Prairie,TX,32.5907,-97.0405
75057,Lewisville,TX,33.0532,-96.9999
75061,Irving,TX,32.8267,-96.9633
75062,Irving,TX,32.8479,-96.974
75063,Irving,TX,32.9247,-96.9598
75067,Lewisville,TX,33.0198,-96.9925
75068,Little Elm,TX,33.1768,-96.9583
75070,Mckinney,TX,33.1976,-96.6153
75071,Mckinney,TX,33.1976,-96.6153
75074,Plano,TX,33.0277,-96.6777
75075,Plano,TX,33.025,-96.7397
75078,Prosper,TX,33.2362,-96.7954
75080,Richardson,TX,32.966,-96.7452
75081,Richardson,TX,32.9462,-96.7058
75089,Rowlett,TX,32.9346,-96.5544
75093,Plano,TX,33.0299,-96.7889
75098,Wylie,TX,33.0041,-96.5394
75104,Cedar Hill,TX,32.5885,-96.9438
75115,Desoto,TX,32.6041,-96.8653
75116,Duncanville,TX,32.6587,-96.9114
75134,Lancaster,TX,32.6161,-96.783
75137,Duncanville,TX,32.6347,-96.9113
75149,Mesquite,TX,32.7678,-96.6082
75150,Mesquite,TX,32.8154,-96.6307
75154,Red Oak,TX,32.5185,-96.8071
75201,Dallas,TX,32.7904,-96.8044
75204,Dallas,TX,32.8038,-96.7851
75205,Dallas,TX,32.826,-96.7843
75206,Dallas,TX,32.831,-96.7692
75207,Dallas,TX,32.7939,-96.8319
75208,Dallas,TX,32.7492,-96.8389
75209,Dallas,TX,32.8456,-96.826
75211,Dallas,TX,32.7319,-96.9057
75214,Dallas,TX,32.8248,-96.7498
75216,Dallas,TX,32.7086,-96.7955
75218,Dallas,TX,32.8463,-96.6972
75220,Dallas,TX,32.8681,-96.8622
75227,Dallas,TX,32.7672,-96.6836
75228,Dallas,TX,32.825,-96.6784
75231,Dallas,TX,32.8756,-96.7495
75232,Dallas,TX,32.6647,-96.8384
75240,Dallas,TX,32.9374,-96.7872
75243,Dallas,TX,32.9103,-96.7285
75244,Dallas,TX,32.9322,-96.8353
75247,Dallas,TX,32.8152,-96.8703
75248,Dallas,TX,32.9682,-96.7942
75251,Dallas,TX,32.9189,-96.7751
75254,Dallas,TX,32.9503,-96.819
75287,Dallas,TX,33.0005,-96.8314
75407,Princeton,TX,33.1555,-96.4981
75454,Melissa,TX,33.2841,-96.574
76002,Arlington,TX,32.6255,-97.0784
76005,Arlington,TX,32.7714,-97.2915
76006,Arlington,TX,32.7785,-97.0834
76010,Arlington,TX,32.7204,-97.0826
76011,Arlington,TX,32.7582,-97.1003
76012,Arlington,TX,32.754,-97.1348
76013,Arlington,TX,32.7199,-97.1442
76014,Arlington,TX,32.6954,-97.0876
76015,Arlington,TX,32.6931,-97.1347
76016,Arlington,TX,32.6889,-97.1905
76017,Arlington,TX,32.6555,-97.1599
76018,Arlington,TX,32.6548,-97.092
76021,Bedford,TX,32.8536,-97.1358
76051,Grapevine,TX,32.9328,-97.0808
76053,Hurst,TX,32.8211,-97.1756
76063,Mansfield,TX,32.5773,-97.1416
76092,Southlake,TX,32.9485,-97.1524
76111,Fort Worth,TX,32.7824,-97.3003
76112,Fort Worth,TX,32.7493,-97.2181
76119,Fort Worth,TX,32.6914,-97.2675
76120,Fort Worth,TX,32.7639,-97.1781
76131,Fort Worth,TX,32.8632,-97.3377
76134,Fort Worth,TX,32.6469,-97.3325
76137,Fort Worth,TX,32.8664,-97.2891
76177,Fort Worth,TX,32.9448,-97.3124
76179,Fort Worth,TX,32.9074,-97.4257
76180,North Richland Hills,TX,32.84,-97.225
76210,Denton,TX,33.1428,-97.0727
76227,Aubrey,TX,33.292,-96.9879
76244,Keller,TX,32.931,-97.2843
76248,Keller,TX,32.9276,-97.2489
76262,Roanoke,TX,33.0211,-97.2127
85003,Phoenix,AZ,33.4511,-112.0774
85006,Phoenix,AZ,33.465,-112.0474
85008,Phoenix,AZ,33.4665,-111.9984
85009,Phoenix,AZ,33.4564,-112.1284
85019,Phoenix,AZ,33.5123,-112.1417
85021,Phoenix,AZ,33.56,-112.0927
85022,Phoenix,AZ,33.6315,-112.052
85023,Phoenix,AZ,33.6324,-112.1118
85027,Phoenix,AZ,33.6819,-112.0996
85029,Phoenix,AZ,33.5961,-112.1199
85031,Phoenix,AZ,33.4939,-112.1696
85032,Phoenix,AZ,33.6238,-112.0044
85034,Phoenix,AZ,33.4413,-112.0421
85037,Phoenix,AZ,33.4913,-112.2468
85041,Phoenix,AZ,33.3889,-112.0954
85042,Phoenix,AZ,33.3794,-112.0283
85043,Phoenix,AZ,33.4491,-112.1972
85044,Phoenix,AZ,33.3291,-111.9943
85050,Phoenix,AZ,33.6863,-111.9963
85051,Phoenix,AZ,33.5591,-112.1332
85053,Phoenix,AZ,33.6299,-112.1316
85054,Phoenix,AZ,33.6731,-111.9461
85085,Phoenix,AZ,33.7529,-112.0893
85086,Phoenix,AZ,33.8155,-112.1202
85142,Queen Creek,AZ,33.2487,-111.6343
85201,Mesa,AZ,33.4317,-111.8469
85202,Mesa,AZ,33.3851,-111.8724
85203,Mesa,AZ,33.437,-111.8057
85204,Mesa,AZ,33.3992,-111.7896
85205,Mesa,AZ,33.4368,-111.7129
85206,Mesa,AZ,33.4026,-111.7242
85207,Mesa,AZ,33.4321,-111.6426
85208,Mesa,AZ,33.3984,-111.6513
85209,Mesa,AZ,33.3782,-111.6406
85210,Mesa,AZ,33.3887,-111.8428
85212,Mesa,AZ,33.3425,-111.6353
85213,Mesa,AZ,33.4367,-111.7731
85224,Chandler,AZ,33.3301,-111.8632
85225,Chandler,AZ,33.3105,-111.8239
85233,Gilbert,AZ,33.3354,-111.8153
85234,Gilbert,AZ,33.3527,-111.7809
85249,Chandler,AZ,33.2414,-111.7745
85250,Scottsdale,AZ,33.5218,-111.9049
85251,Scottsdale,AZ,33.4936,-111.9167
85253,Paradise Valley,AZ,33.5494,-111.9565
85255,Scottsdale,AZ,33.6968,-111.8892
85260,Scottsdale,AZ,33.6013,-111.8867
85266,Scottsdale,AZ,33.7669,-111.9182
85268,Fountain Hills,AZ,33.6085,-111.7237
85281,Tempe,AZ,33.4227,-111.9261
85282,Tempe,AZ,33.3917,-111.9249
85283,Tempe,AZ,33.3665,-111.9312
85286,Chandler,AZ,33.2711,-111.8311
85296,Gilbert,AZ,33.3354,-111.7406
85297,Gilbert,AZ,33.2781,-111.7096
85298,Gilbert,AZ,33.2522,-111.7022
85302,Glendale,AZ,33.5675,-112.1753
85305,Glendale,AZ,33.5291,-112.2482
85308,Glendale,AZ,33.6539,-112.1694
85309,Luke Air Force Base,AZ,33.5387,-112.186
85310,Glendale,AZ,33.7047,-112.1641
85323,Avondale,AZ,33.4321,-112.3438
85338,Goodyear,AZ,33.4368,-112.3834
85340,Litchfield Park,AZ,33.5098,-112.4135
85353,Tolleson,AZ,33.4347,-112.2774
85373,Sun City,AZ,33.6588,-112.3214
85379,Surprise,AZ,33.6021,-112.3736
85381,Peoria,AZ,33.6048,-112.2237
85382,Peoria,AZ,33.6308,-112.2072
85383,Peoria,AZ,33.7169,-112.238
85388,Surprise,AZ,33.6134,-112.4512
85701,Tucson,AZ,32.2139,-110.9694
85704,Tucson,AZ,32.3379,-110.9855
85705,Tucson,AZ,32.2691,-110.9845
85706,Tucson,AZ,32.1392,-110.9451
85708,Tucson,AZ,32.18,-110.8693
85710,Tucson,AZ,32.2138,-110.824
85711,Tucson,AZ,32.2127,-110.8829
85712,Tucson,AZ,32.25,-110.8869
85713,Tucson,AZ,32.1941,-110.9739
85714,Tucson,AZ,32.1707,-110.9719
85715,Tucson,AZ,32.2519,-110.82
85716,Tucson,AZ,32.2468,-110.9222
85719,Tucson,AZ,32.2474,-110.9491
85726,Tucson,AZ,32.2027,-110.9453
85730,Tucson,AZ,32.181,-110.819
85737,Tucson,AZ,32.4142,-110.9466
85741,Tucson,AZ,32.3472,-111.0419
85742,Tucson,AZ,32.4076,-111.065
85743,Tucson,AZ,32.3366,-111.1771
85745,Tucson,AZ,32.2434,-111.0179
85747,Tucson,AZ,32.0984,-110.7272
85748,Tucson,AZ,32.215,-110.7758
85750,Tucson,AZ,32.2974,-110.8404
85755,Tucson,AZ,32.4227,-110.9768
85756,Tucson,AZ,32.0839,-110.9004
89002,Henderson,NV,36.0008,-114.9588
89005,Boulder City,NV,35.9727,-114.8344
89011,Henderson,NV,36.1065,-114.9192
89012,Henderson,NV,36.0119,-115.0433
89014,Henderson,NV,36.0564,-115.078
89015,Henderson,NV,36.0357,-114.9718
89030,North Las Vegas,NV,36.2115,-115.1241
89031,North Las Vegas,NV,36.2589,-115.1718
89032,North Las Vegas,NV,36.218,-115.1709
89052,Henderson,NV,35.9878,-115.1167
89074,Henderson,NV,36.0384,-115.0857
89081,North Las Vegas,NV,36.2583,-115.1068
89084,North Las Vegas,NV,36.2815,-115.1482
89086,North Las Vegas,NV,36.2809,-115.1349
89101,Las Vegas,NV,36.1721,-115.1224
89102,Las Vegas,NV,36.1433,-115.2004
89103,Las Vegas,NV,36.1149,-115.2161
89104,Las Vegas,NV,36.152,-115.1092
89106,Las Vegas,NV,36.1847,-115.1617
89108,Las Vegas,NV,36.2044,-115.2233
89110,Las Vegas,NV,36.173,-115.0669
89115,Las Vegas,NV,36.2158,-115.0671
89117,Las Vegas,NV,36.1302,-115.2755
89118,Las Vegas,NV,36.0811,-115.2169
89119,Las Vegas,NV,36.1008,-115.1365
89120,Las Vegas,NV,36.0914,-115.0885
89121,Las Vegas,NV,36.1232,-115.0902
89122,Las Vegas,NV,36.1205,-115.0523
89128,Las Vegas,NV,36.1968,-115.2644
89129,Las Vegas,NV,36.245,-115.2743
89131,Las Vegas,NV,36.2956,-115.2419
89138,Las Vegas,NV,36.1666,-115.3613
89139,Las Vegas,NV,36.0129,-115.2118
89141,Las Vegas,NV,36.0104,-115.2073
89144,Las Vegas,NV,36.1781,-115.3183
89147,Las Vegas,NV,36.1128,-115.2801
89148,Las Vegas,NV,36.0588,-115.3104
89156,Las Vegas,NV,36.2034,-115.0364
89183,Las Vegas,NV,35.9959,-115.1576
90001,Los Angeles,CA,33.9731,-118.2479
90002,Los Angeles,CA,33.9497,-118.2462
90003,Los Angeles,CA,33.9653,-118.2727
90004,Los Angeles,CA,34.0762,-118.3029
90005,Los Angeles,CA,34.0585,-118.3012
90006,Los Angeles,CA,34.0493,-118.2917
90007,Los Angeles,CA,34.0294,-118.2871
90011,Los Angeles,CA,34.0079,-118.2582
90012,Los Angeles,CA,34.0614,-118.2385
90014,Los Angeles,CA,34.0443,-118.2509
90016,Los Angeles,CA,34.0298,-118.3528
90017,Los Angeles,CA,34.0559,-118.2666
90018,Los Angeles,CA,34.029,-118.3152
90019,Los Angeles,CA,34.0482,-118.3343
90023,Los Angeles,CA,34.0245,-118.1975
90024,Los Angeles,CA,34.0637,-118.4408
90025,Los Angeles,CA,34.0447,-118.4487
90027,Los Angeles,CA,34.104,-118.2925
90032,Los Angeles,CA,34.0818,-118.1753
90034,Los Angeles,CA,34.029,-118.4005
90038,Los Angeles,CA,34.0898,-118.3215
90039,Los Angeles,CA,34.1121,-118.2594
90042,Los Angeles,CA,34.1145,-118.1929
90043,Los Angeles,CA,33.9871,-118.3321
90045,Los Angeles,CA,33.9631,-118.3941
90046,Los Angeles,CA,34.1074,-118.3652
90057,Los Angeles,CA,34.0622,-118.2763
90059,Los Angeles,CA,33.9293,-118.2463
90061,Los Angeles,CA,33.9245,-118.2716
90066,Los Angeles,CA,34.003,-118.4298
90068,Los Angeles,CA,34.1156,-118.3305
90069,West Hollywood,CA,34.0906,-118.3788
90210,Beverly Hills,CA,34.0901,-118.4065
90212,Beverly Hills,CA,34.0619,-118.3995
90220,Compton,CA,33.8748,-118.2402
90221,Compton,CA,33.8796,-118.2168
90222,Compton,CA,33.9099,-118.2357
90240,Downey,CA,33.9581,-118.1174
90242,Downey,CA,33.9218,-118.1395
90260,Lawndale,CA,33.8879,-118.351
90262,Lynwood,CA,33.9241,-118.2013
90270,Maywood,CA,33.989,-118.1877
90280,South Gate,CA,33.9462,-118.2013
90301,Inglewood,CA,33.955,-118.3556
90303,Inglewood,CA,33.9377,-118.3321
90304,Inglewood,CA,33.9379,-118.3586
90401,Santa Monica,CA,34.0176,-118.4907
90404,Santa Monica,CA,34.0268,-118.4733
90501,Torrance,CA,33.8268,-118.3118
90602,Whittier,CA,33.9693,-118.0337
90605,Whittier,CA,33.9413,-118.0356
90606,Whittier,CA,33.9777,-118.0658
90620,Buena Park,CA,33.8439,-118.008
90621,Buena Park,CA,33.8772,-117.9893
90631,La Habra,CA,33.9331,-117.9493
90638,La Mirada,CA,33.9067,-118.0101
90640,Montebello,CA,34.0133,-118.113
90660,Pico Rivera,CA,33.9886,-118.0883
90670,Santa Fe Springs,CA,33.9464,-118.0838
90680,Stanton,CA,33.7991,-117.9956
90703,Cerritos,CA,33.8669,-118.0686
90710,Harbor City,CA,33.797,-118.2991
90712,Lakewood,CA,33.8512,-118.1457
90713,Lakewood,CA,33.8473,-118.1115
90717,Lomita,CA,33.7938,-118.3172
90720,Los Alamitos,CA,33.7956,-118.0648
90731,San Pedro,CA,33.7339,-118.2914
90745,Carson,CA,33.823,-118.2684
90802,Long Beach,CA,33.7706,-118.182
90807,Long Beach,CA,33.8315,-118.1811
90808,Long Beach,CA,33.8241,-118.1103
90813,Long Beach,CA,33.782,-118.1835
90815,Long Beach,CA,33.7939,-118.1192
90822,Long Beach,CA,33.7927,-118.1638
91016,Monrovia,CA,34.144,-118.0014
91101,Pasadena,CA,34.1468,-118.1391
91105,Pasadena,CA,34.1355,-118.1636
91201,Glendale,CA,34.1716,-118.2899
91202,Glendale,CA,34.1652,-118.2656
91203,Glendale,CA,34.1517,-118.2636
91204,Glendale,CA,34.1379,-118.2599
91206,Glendale,CA,34.1556,-118.2322
91208,Glendale,CA,34.1921,-118.235
91301,Agoura Hills,CA,34.1227,-118.7573
91302,Calabasas,CA,34.1419,-118.6641
91304,Canoga Park,CA,34.2197,-118.6111
91324,Northridge,CA,34.2367,-118.5466
91326,Porter Ranch,CA,34.2619,-118.582
91331,Pacoima,CA,34.2556,-118.4208
91335,Reseda,CA,34.2007,-118.5391
91342,Sylmar,CA,34.3054,-118.4322
91345,Mission Hills,CA,34.2619,-118.4587
91350,Santa Clarita,CA,34.4336,-118.5007
91351,Canyon Country,CA,34.4262,-118.449
91352,Sun Valley,CA,34.2209,-118.3699
91401,Van Nuys,CA,34.1802,-118.4324
91406,Van Nuys,CA,34.2006,-118.4868
91411,Van Nuys,CA,34.1781,-118.4574
91423,Sherman Oaks,CA,34.1526,-118.4322
91506,Burbank,CA,34.1717,-118.3231
91607,Valley Village,CA,34.1672,-118.3989
91701,Rancho Cucamonga,CA,34.1376,-117.5999
91706,Baldwin Park,CA,34.0964,-117.9682
91708,Chino,CA,33.954,-117.6404
91709,Chino Hills,CA,33.9797,-117.7308
91710,Chino,CA,34.0125,-117.6844
91711,Claremont,CA,34.1092,-117.7183
91722,Covina,CA,34.0972,-117.9065
91724,Covina,CA,34.0938,-117.856
91730,Rancho Cucamonga,CA,34.107,-117.5941
91732,El Monte,CA,34.0705,-118.0149
91733,South El Monte,CA,34.0557,-118.0444
91739,Rancho Cucamonga,CA,34.1705,-117.5182
91740,Glendora,CA,34.1287,-117.8552
91744,La Puente,CA,34.0289,-117.9373
91748,Rowland Heights,CA,33.9818,-117.8969
91750,La Verne,CA,34.1159,-117.7708
91752,Mira Loma,CA,33.9938,-117.5236
91754,Monterey Park,CA,34.0534,-118.1271
91755,Monterey Park,CA,34.048,-118.115
91761,Ontario,CA,34.0316,-117.6187
91762,Ontario,CA,34.0584,-117.6665
91764,Ontario,CA,34.0763,-117.6254
91765,Diamond Bar,CA,34.0066,-117.8098
91766,Pomona,CA,34.0418,-117.7569
91768,Pomona,CA,34.0662,-117.7763
91773,San Dimas,CA,34.1023,-117.8169
91780,Temple City,CA,34.1016,-118.0537
91784,Upland,CA,34.141,-117.6581
91789,Walnut,CA,34.0183,-117.8546
91790,West Covina,CA,34.0673,-117.9366
91791,West Covina,CA,34.0653,-117.8978
91801,Alhambra,CA,34.0914,-118.1293
91902,Bonita,CA,32.6671,-117.0221
91910,Chula Vista,CA,32.6371,-117.0676
91911,Chula Vista,CA,32.6084,-117.0565
91913,Chula Vista,CA,32.6513,-116.9852
91942,La Mesa,CA,32.7835,-117.0189
91945,Lemon Grove,CA,32.7332,-117.0326
91950,National City,CA,32.6749,-117.0897
91977,Spring Valley,CA,32.724,-116.9976
92009,Carlsbad,CA,33.0954,-117.2619
92010,Carlsbad,CA,33.1639,-117.3009
92011,Carlsbad,CA,33.1072,-117.2943
92019,El Cajon,CA,32.7777,-116.9191
92020,El Cajon,CA,32.7928,-116.9665
92021,El Cajon,CA,32.8178,-116.9223
92024,Encinitas,CA,33.0535,-117.2689
92025,Escondido,CA,33.1101,-117.07
92026,Escondido,CA,33.1605,-117.0978
92027,Escondido,CA,33.1388,-117.052
92029,Escondido,CA,33.0895,-117.1128
92056,Oceanside,CA,33.1968,-117.2831
92057,Oceanside,CA,33.2407,-117.3025
92064,Poway,CA,32.9756,-117.0402
92067,Rancho Santa Fe,CA,33.005,-117.2157
92071,Santee,CA,32.8486,-116.9862
92081,Vista,CA,33.1644,-117.2403
92084,Vista,CA,33.2131,-117.2243
92101,San Diego,CA,32.7185,-117.1593
92102,San Diego,CA,32.7139,-117.1219
92104,San Diego,CA,32.7454,-117.1272
92105,San Diego,CA,32.7423,-117.0947
92109,San Diego,CA,32.7969,-117.2405
92110,San Diego,CA,32.7635,-117.2028
92113,San Diego,CA,32.697,-117.1153
92114,San Diego,CA,32.7059,-117.0524
92117,San Diego,CA,32.8239,-117.1965
92119,San Diego,CA,32.8036,-117.0261
92120,San Diego,CA,32.7958,-117.0707
92126,San Diego,CA,32.9161,-117.1402
92128,San Diego,CA,33.0067,-117.069
92129,San Diego,CA,32.9652,-117.1213
92130,San Diego,CA,32.9555,-117.2252
92136,San Diego,CA,32.6834,-117.1219
92139,San Diego,CA,32.6806,-117.0474
92154,San Diego,CA,32.5753,-117.0707
92173,San Ysidro,CA,32.5626,-117.043
92220,Banning,CA,33.9282,-116.8899
92223,Beaumont,CA,33.9504,-116.9701
92307,Apple Valley,CA,34.5291,-117.2132
92308,Apple Valley,CA,34.4698,-117.1927
92316,Bloomington,CA,34.0662,-117.3993
92324,Colton,CA,34.0315,-117.2874
92325,Crestline,CA,34.2433,-117.2811
92335,Fontana,CA,34.0794,-117.4551
92336,Fontana,CA,34.1173,-117.4378
92344,Hesperia,CA,34.4239,-117.4075
92345,Hesperia,CA,34.4222,-117.3025
92346,Highland,CA,34.1283,-117.2087
92354,Loma Linda,CA,34.0528,-117.2513
92359,Mentone,CA,34.0774,-117.1126
92373,Redlands,CA,34.0397,-117.1804
92374,Redlands,CA,34.065,-117.1672
92376,Rialto,CA,34.1132,-117.3771
92392,Victorville,CA,34.4802,-117.4082
92394,Victorville,CA,34.5563,-117.3528
92395,Victorville,CA,34.5016,-117.2944
92399,Yucaipa,CA,34.0282,-117.0489
92405,San Bernardino,CA,34.1446,-117.3013
92407,San Bernardino,CA,34.2166,-117.3908
92408,San Bernardino,CA,34.0831,-117.2711
92410,San Bernardino,CA,34.1069,-117.2975
92501,Riverside,CA,33.9924,-117.3694
92503,Riverside,CA,33.9208,-117.4589
92505,Riverside,CA,33.9228,-117.4867
92506,Riverside,CA,33.9455,-117.3757
92509,Riverside,CA,34.0033,-117.445
92530,Lake Elsinore,CA,33.6598,-117.3485
92532,Lake Elsinore,CA,33.6927,-117.303
92543,Hemet,CA,33.7416,-116.973
92544,Hemet,CA,33.739,-116.9243
92555,Moreno Valley,CA,33.9377,-117.1851
92557,Moreno Valley,CA,33.9553,-117.2457
92562,Murrieta,CA,33.5631,-117.2738
92570,Perris,CA,33.7852,-117.3166
92571,Perris,CA,33.811,-117.218
92583,San Jacinto,CA,33.7967,-116.9324
92584,Menifee,CA,33.6647,-117.1743
92585,Sun City,CA,33.7467,-117.1721
92586,Sun City,CA,33.7044,-117.1969
92587,Quail Valley,CA,33.707,-117.245
92592,Temecula,CA,33.4983,-117.0958
92596,Winchester,CA,33.6243,-117.0885
92602,Irvine,CA,33.7419,-117.7467
92614,Irvine,CA,33.6829,-117.8298
92618,Irvine,CA,33.7074,-117.7054
92620,Irvine,CA,33.7009,-117.7564
92626,Costa Mesa,CA,33.6801,-117.9085
92629,Dana Point,CA,33.4743,-117.6964
92637,Laguna Woods,CA,33.6103,-117.7253
92646,Huntington Beach,CA,33.6654,-117.9686
92648,Huntington Beach,CA,33.6773,-118.0051
92653,Laguna Hills,CA,33.5916,-117.6985
92677,Laguna Niguel,CA,33.5145,-117.7084
92683,Westminster,CA,33.7524,-117.9939
92688,Rancho Santa Margarita,CA,33.6512,-117.5938
92691,Mission Viejo,CA,33.6128,-117.6622
92692,Mission Viejo,CA,33.6144,-117.6433
92694,Ladera Ranch,CA,33.5472,-117.6238
92703,Santa Ana,CA,33.7489,-117.9072
92706,Santa Ana,CA,33.7691,-117.8855
92708,Fountain Valley,CA,33.7102,-117.9503
92780,Tustin,CA,33.7364,-117.8229
92782,Tustin,CA,33.7346,-117.7869
92801,Anaheim,CA,33.8428,-117.9546
92802,Anaheim,CA,33.8085,-117.9228
92804,Anaheim,CA,33.8186,-117.9729
92805,Anaheim,CA,33.8359,-117.9086
92806,Anaheim,CA,33.8356,-117.8681
92807,Anaheim,CA,33.8544,-117.7858
92831,Fullerton,CA,33.8873,-117.8946
92833,Fullerton,CA,33.8766,-117.9551
92840,Garden Grove,CA,33.7869,-117.9273
92841,Garden Grove,CA,33.7817,-117.9766
92844,Garden Grove,CA,33.7661,-117.9738
92860,Norco,CA,33.9247,-117.5517
92867,Orange,CA,33.811,-117.8493
92878,Corona,CA,33.8753,-117.5664
92879,Corona,CA,33.8797,-117.5354
92880,Corona,CA,33.9208,-117.6096
92882,Corona,CA,33.8419,-117.6043
93004,Ventura,CA,34.2788,-119.1651
93036,Oxnard,CA,34.2351,-119.182
93065,Simi Valley,CA,34.2656,-118.7653
93612,Clovis,CA,36.8149,-119.7106
93711,Fresno,CA,36.8303,-119.8319
94024,Los Altos,CA,37.3547,-122.0862
94028,Portola Valley,CA,37.3702,-122.2182
94030,Millbrae,CA,37.6004,-122.402
94041,Mountain View,CA,37.3893,-122.0783
94043,Mountain View,CA,37.4056,-122.0775
94044,Pacifica,CA,37.6196,-122.4816
94080,South San Francisco,CA,37.6574,-122.4235
94086,Sunnyvale,CA,37.3764,-122.0238
94112,San Francisco,CA,37.7195,-122.4411
94118,San Francisco,CA,37.7812,-122.4614
94121,San Francisco,CA,37.7786,-122.4892
94127,San Francisco,CA,37.7354,-122.4571
94132,San Francisco,CA,37.7211,-122.4754
94134,San Francisco,CA,37.719,-122.4096
94301,Palo Alto,CA,37.4443,-122.1497
94303,Palo Alto,CA,37.4673,-122.1388
94304,Palo Alto,CA,37.4334,-122.1842
94401,San Mateo,CA,37.5735,-122.3225
94403,San Mateo,CA,37.5395,-122.2998
94404,San Mateo,CA,37.5538,-122.27
94501,Alameda,CA,37.7706,-122.2648
94507,Alamo,CA,37.8537,-122.0229
94509,Antioch,CA,37.9939,-121.8089
94511,Bethel Island,CA,38.0266,-121.6425
94514,Byron,CA,37.8254,-121.6236
94520,Concord,CA,37.9823,-122.0362
94523,Pleasant Hill,CA,37.954,-122.0737
94526,Danville,CA,37.814,-121.966
94531,Antioch,CA,37.9658,-121.7758
94533,Fairfield,CA,38.2671,-122.0357
94536,Fremont,CA,37.5605,-121.9999
94538,Fremont,CA,37.5308,-121.9712
94541,Hayward,CA,37.674,-122.0894
94544,Hayward,CA,37.6374,-122.067
94545,Hayward,CA,37.6332,-122.0971
94546,Castro Valley,CA,37.7015,-122.0782
94548,Knightsen,CA,37.9726,-121.6652
94551,Livermore,CA,37.7526,-121.77
94560,Newark,CA,37.5368,-122.032
94561,Oakley,CA,37.994,-121.7036
94565,Pittsburg,CA,38.0031,-121.9172
94566,Pleasanton,CA,37.6658,-121.8755
94568,Dublin,CA,37.7166,-121.9226
94577,San Leandro,CA,37.7205,-122.1587
94578,San Leandro,CA,37.7024,-122.124
94579,San Leandro,CA,37.6892,-122.1507
94580,San Lorenzo,CA,37.6787,-122.1295
94585,Suisun City,CA,38.2408,-122.042
94587,Union City,CA,37.5895,-122.0497
94589,Vallejo,CA,38.1582,-122.2804
94591,Vallejo,CA,38.0985,-122.2124
94595,Walnut Creek,CA,37.8753,-122.0703
94597,Walnut Creek,CA,37.9182,-122.0717
94612,Oakland,CA,37.8085,-122.2668
94621,Oakland,CA,37.7589,-122.1853
94803,El Sobrante,CA,37.9693,-122.2901
95008,Campbell,CA,37.2803,-121.9539
95014,Cupertino,CA,37.318,-122.0449
95030,Los Gatos,CA,37.2296,-121.9834
95035,Milpitas,CA,37.4352,-121.895
95050,Santa Clara,CA,37.3492,-121.953
95051,Santa Clara,CA,37.3483,-121.9844
95112,San Jose,CA,37.3476,-121.887
95116,San Jose,CA,37.3518,-121.8508
95118,San Jose,CA,37.2568,-121.8896
95121,San Jose,CA,37.3042,-121.8099
95124,San Jose,CA,37.2563,-121.9229
95125,San Jose,CA,37.296,-121.8939
95127,San Jose,CA,37.3692,-121.8208
95132,San Jose,CA,37.4031,-121.8585
95133,San Jose,CA,37.3729,-121.856
95148,San Jose,CA,37.3304,-121.7913
95205,Stockton,CA,37.9625,-121.2624
95206,Stockton,CA,37.9177,-121.3123
95207,Stockton,CA,38.0024,-121.3238
95209,Stockton,CA,38.0377,-121.3445
95210,Stockton,CA,38.025,-121.2972
95219,Stockton,CA,38.01,-121.3698
95220,Acampo,CA,38.2004,-121.2186
95240,Lodi,CA,38.1222,-121.2555
95242,Lodi,CA,38.1308,-121.3345
95307,Ceres,CA,37.5833,-120.9496
95336,Manteca,CA,37.8134,-121.2132
95337,Manteca,CA,37.7808,-121.2344
95351,Modesto,CA,37.6236,-120.9966
95354,Modesto,CA,37.6409,-120.9749
95355,Modesto,CA,37.6717,-120.9482
95357,Modesto,CA,37.6693,-120.8817
95366,Ripon,CA,37.7491,-121.1284
95377,Tracy,CA,37.6567,-121.4955
95391,Tracy,CA,37.7695,-121.5397
95401,Santa Rosa,CA,38.4432,-122.7547
95403,Santa Rosa,CA,38.4822,-122.7473
95405,Santa Rosa,CA,38.4386,-122.6727
95407,Santa Rosa,CA,38.4089,-122.7339
95492,Windsor,CA,38.5443,-122.8073
95603,Auburn,CA,38.9115,-121.08
95608,Carmichael,CA,38.6284,-121.3287
95610,Citrus Heights,CA,38.6946,-121.2692
95616,Davis,CA,38.5538,-121.7418
95618,Davis,CA,38.5449,-121.7405
95620,Dixon,CA,38.4403,-121.8088
95621,Citrus Heights,CA,38.6952,-121.3075
95628,Fair Oaks,CA,38.6554,-121.2611
95630,Folsom,CA,38.6709,-121.1529
95632,Galt,CA,38.2691,-121.3
95648,Lincoln,CA,38.8942,-121.2908
95652,Mcclellan,CA,38.6621,-121.3955
95655,Mather,CA,38.5579,-121.291
95660,North Highlands,CA,38.6707,-121.3781
95661,Roseville,CA,38.7346,-121.234
95670,Rancho Cordova,CA,38.6072,-121.2761
95677,Rocklin,CA,38.7877,-121.2366
95688,Vacaville,CA,38.3847,-121.9887
95691,West Sacramento,CA,38.5673,-121.5516
95695,Woodland,CA,38.6816,-121.8052
95742,Rancho Cordova,CA,38.5981,-121.2153
95746,Granite Bay,CA,38.7435,-121.1897
95747,Roseville,CA,38.7703,-121.3372
95757,Elk Grove,CA,38.4081,-121.4294
95758,Elk Grove,CA,38.4243,-121.437
95765,Rocklin,CA,38.8136,-121.2677
95776,Woodland,CA,38.6808,-121.7411
95815,Sacramento,CA,38.6093,-121.4443
95817,Sacramento,CA,38.5498,-121.4583
95818,Sacramento,CA,38.5568,-121.4929
95820,Sacramento,CA,38.5347,-121.4451
95822,Sacramento,CA,38.5091,-121.4935
95823,Sacramento,CA,38.4797,-121.4438
95824,Sacramento,CA,38.5178,-121.4419
95825,Sacramento,CA,38.5892,-121.4057
95827,Sacramento,CA,38.5662,-121.3286
95828,Sacramento,CA,38.4826,-121.4006
95829,Sacramento,CA,38.4689,-121.344
95835,Sacramento,CA,38.6626,-121.4834
95838,Sacramento,CA,38.6406,-121.444
95842,Sacramento,CA,38.6865,-121.3494
95901,Marysville,CA,39.1663,-121.5105
95903,Beale Afb,CA,39.1115,-121.3604
95961,Olivehurst,CA,39.0861,-121.5497
95991,Yuba City,CA,39.1051,-121.6202
95993,Yuba City,CA,39.1237,-121.6611
97003,Beaverton,OR,45.5201,-122.8604
97005,Beaverton,OR,45.4963,-122.8001
97006,Beaverton,OR,45.5201,-122.8604
97007,Beaverton,OR,45.4505,-122.8652
97008,Beaverton,OR,45.456,-122.7996
97009,Boring,OR,45.4297,-122.3807
97013,Canby,OR,45.2514,-122.6832
97024,Fairview,OR,45.5473,-122.4414
97027,Gladstone,OR,45.3899,-122.5902
97030,Gresham,OR,45.5154,-122.4203
97045,Oregon City,OR,45.3377,-122.57
97060,Troutdale,OR,45.5254,-122.3739
97062,Tualatin,OR,45.3727,-122.7631
97068,West Linn,OR,45.3669,-122.648
97070,Wilsonville,OR,45.2986,-122.7699
97071,Woodburn,OR,45.1446,-122.8583
97078,Beaverton,OR,45.452,-122.7893
97086,Happy Valley,OR,45.4446,-122.5372
97089,Damascus,OR,45.4176,-122.459
97113,Cornelius,OR,45.529,-123.0415
97114,Dayton,OR,45.1977,-123.0753
97115,Dundee,OR,45.2776,-123.0152
97116,Forest Grove,OR,45.5981,-123.1818
97123,Hillsboro,OR,45.4984,-122.957
97124,Hillsboro,OR,45.5387,-122.9636
97132,Newberg,OR,45.3099,-122.9685
97140,Sherwood,OR,45.3514,-122.8567
97201,Portland,OR,45.5078,-122.6897
97202,Portland,OR,45.484,-122.6365
97203,Portland,OR,45.5889,-122.7347
97206,Portland,OR,45.484,-122.5973
97207,Portland,OR,45.5235,-122.6762
97209,Portland,OR,45.527,-122.6854
97211,Portland,OR,45.5653,-122.6448
97212,Portland,OR,45.5441,-122.6423
97213,Portland,OR,45.5373,-122.5987
97214,Portland,OR,45.5142,-122.6364
97215,Portland,OR,45.5143,-122.599
97216,Portland,OR,45.5137,-122.5569
97218,Portland,OR,45.56,-122.6001
97219,Portland,OR,45.458,-122.7074
97220,Portland,OR,45.5411,-122.5566
97222,Portland,OR,45.4373,-122.6147
97223,Portland,OR,45.4403,-122.7793
97224,Portland,OR,45.4094,-122.8014
97229,Portland,OR,45.5483,-122.8276
97230,Portland,OR,45.5472,-122.5001
97232,Portland,OR,45.5287,-122.6363
97233,Portland,OR,45.5142,-122.4985
97236,Portland,OR,45.4887,-122.5091
97266,Portland,OR,45.4762,-122.5596
97267,Portland,OR,45.4021,-122.6144
97301,Salem,OR,44.949,-123.004
97302,Salem,OR,44.9039,-123.0445
97304,Salem,OR,44.9588,-123.0753
97305,Salem,OR,44.9961,-122.9124
97306,Salem,OR,44.8685,-123.0438
97317,Salem,OR,44.9026,-122.9074
98001,Auburn,WA,47.3099,-122.2653
98002,Auburn,WA,47.305,-122.2067
98003,Federal Way,WA,47.3203,-122.3117
98004,Bellevue,WA,47.6155,-122.2072
98005,Bellevue,WA,47.615,-122.1663
98006,Bellevue,WA,47.5614,-122.1552
98007,Bellevue,WA,47.6174,-122.1426
98008,Bellevue,WA,47.6115,-122.1162
98012,Bothell,WA,47.8401,-122.1972
98020,Edmonds,WA,47.8061,-122.3724
98021,Bothell,WA,47.7918,-122.2243
98023,Federal Way,WA,47.3104,-122.3612
98026,Edmonds,WA,47.8353,-122.327
98028,Kenmore,WA,47.7542,-122.2475
98031,Kent,WA,47.388,-122.1932
98032,Kent,WA,47.3776,-122.2854
98034,Kirkland,WA,47.7188,-122.1966
98036,Lynnwood,WA,47.8049,-122.2855
98037,Lynnwood,WA,47.8392,-122.2855
98042,Kent,WA,47.368,-122.1206
98043,Mountlake Terrace,WA,47.7933,-122.3076
98052,Redmond,WA,47.6718,-122.1232
98055,Renton,WA,47.4648,-122.2075
98058,Renton,WA,47.4465,-122.1216
98059,Renton,WA,47.5058,-122.1157
98074,Sammamish,WA,47.6254,-122.0462
98087,Lynnwood,WA,47.862,-122.2532
98092,Auburn,WA,47.2884,-122.098
98103,Seattle,WA,47.6733,-122.3426
98105,Seattle,WA,47.6633,-122.3022
98106,Seattle,WA,47.5344,-122.3547
98107,Seattle,WA,47.6701,-122.3763
98115,Seattle,WA,47.6849,-122.2968
98116,Seattle,WA,47.5746,-122.3934
98117,Seattle,WA,47.6873,-122.3772
98118,Seattle,WA,47.5412,-122.275
98125,Seattle,WA,47.717,-122.3015
98126,Seattle,WA,47.5444,-122.3735
98133,Seattle,WA,47.7377,-122.3431
98136,Seattle,WA,47.5398,-122.3878
98144,Seattle,WA,47.5846,-122.3005
98146,Seattle,WA,47.4995,-122.3603
98155,Seattle,WA,47.7559,-122.3003
98178,Seattle,WA,47.4924,-122.2359
98188,Seattle,WA,47.4483,-122.2731
98198,Seattle,WA,47.3929,-122.3129
98201,Everett,WA,47.9884,-122.2006
98203,Everett,WA,47.9419,-122.2218
98204,Everett,WA,47.9017,-122.2472
98208,Everett,WA,47.8948,-122.1987
98275,Mukilteo,WA,47.9199,-122.3019
98354,Milton,WA,47.2483,-122.3155
98373,Puyallup,WA,47.1284,-122.3219
98375,Puyallup,WA,47.1037,-122.3235
98390,Sumner,WA,47.2099,-122.228
98391,Bonney Lake,WA,47.143,-122.1644
98402,Tacoma,WA,47.2545,-122.4405
98403,Tacoma,WA,47.2643,-122.4575
98404,Tacoma,WA,47.2113,-122.4126
98405,Tacoma,WA,47.2484,-122.4643
98406,Tacoma,WA,47.2632,-122.4993
98409,Tacoma,WA,47.2038,-122.4825
98422,Tacoma,WA,47.2948,-122.3983
98424,Tacoma,WA,47.2325,-122.3594
98443,Tacoma,WA,47.2044,-122.3728
98444,Tacoma,WA,47.1464,-122.4572
98445,Tacoma,WA,47.1291,-122.4094
98465,Tacoma,WA,47.2491,-122.5273
98466,Tacoma,WA,47.228,-122.5396
98467,University Place,WA,47.2033,-122.5688
98498,Lakewood,WA,47.1591,-122.5485
98499,Lakewood,WA,47.1677,-122.5024
98604,Battle Ground,WA,45.7907,-122.5318
98607,Camas,WA,45.6058,-122.4142
98660,Vancouver,WA,45.6418,-122.6801
98661,Vancouver,WA,45.6418,-122.6251
98662,Vancouver,WA,45.6914,-122.5805
98663,Vancouver,WA,45.6514,-122.6604
98665,Vancouver,WA,45.6892,-122.6616
98682,Vancouver,WA,45.6644,-122.5212
98683,Vancouver,WA,45.6032,-122.5133
98684,Vancouver,WA,45.6359,-122.5155
